"ServerName","win_rate","avg_speed","sd_speed","location_entropy","modal_locationWB_DNCTL","modal_locationWBC_DNCTL","modal_locationWBW_DNCTL","modal_locationWC_DNCTL","overperf_lm","overperf_rf","overperf_xgb","pred_lm","pred_rf","pred_xgb","rf_weighted_baseline"
"ajla tomljanovic",0.495726495726496,0.572156258161617,1.19214148419851,-0.710322306174572,1.69005838611713,-0.837344512929615,-0.635151080928306,-0.200830339349542,0.0774376305532916,0.0283680502160743,-0.00840280602714285,0.478310319040245,0.489157198552065,0.497441828250885,-0.0423583978582373
"aleksandra krunic",0.469387755102041,-0.728509594097529,-0.708008090429986,-2.04098470250411,-0.587072913072267,1.18492148056078,-0.635151080928306,-0.200830339349542,0.132226209306067,0.211663657401746,0.153986578102625,0.439649306141585,0.420371997730353,0.437953233718872,-0.35295308970977
"aliaksandra sasnovich",0.5,-0.0464020126265626,-0.701669910006142,0.746553407726132,1.69005838611713,-0.837344512929615,-0.635151080928306,-0.200830339349542,0.0310761332520766,0.1621808361518,0.346027462856236,0.493010795609621,0.462443167557736,0.429362624883652,-0.211156359578122
"alison van uytvanck",0.475409836065574,-0.492234540868702,-0.586755862412351,0.584335201712872,-0.587072913072267,1.18492148056078,-0.635151080928306,-0.200830339349542,0.05195834572164,0.0306599986457838,0.0317587415370384,0.463724099777573,0.468309783684897,0.468926668167114,-0.010829538551112
"aliz√© cornet",0.462809917355372,-0.55586362027735,0.32462359249993,-0.336714273831108,1.69005838611713,-0.837344512929615,-0.635151080928306,-0.200830339349542,0.0230871053133632,-0.0515216414494824,-0.00424382725762498,0.457617492142479,0.474740979625007,0.463676244020462,-0.302340390205367
"amanda anisimova",0.452830188679245,1.16974336116069,1.21663532575549,0.436762717922902,-0.587072913072267,1.18492148056078,-0.635151080928306,-0.200830339349542,-0.160369314795052,-0.0935335507063243,-0.304499330107838,0.488898186906561,0.47449010840194,0.514990091323853,0.476364737716804
"ana bogdan",0.446153846153846,-0.973410992553309,0.0190603294930283,-0.530839306320774,-0.587072913072267,-0.837344512929615,1.56212833417502,-0.200830339349542,-0.126843298161369,-0.141347496623599,-0.169966403724373,0.474681646868577,0.478886223004199,0.480850458145142,-0.258144675950194
"anastasia pavlyuchenkova",0.472,0.646359502436875,-0.741499033594519,1.12605503326387,-0.587072913072267,-0.837344512929615,1.56212833417502,-0.200830339349542,-0.115009624355221,-0.109235423949552,-0.071045956900533,0.497866338162444,0.497296062169719,0.486503183841705,0.124053104033623
"anastasia potapova",0.490909090909091,0.494914296173462,-0.989805730187504,1.53224641151568,-0.587072913072267,1.18492148056078,-0.635151080928306,-0.200830339349542,0.0067622415480668,0.0436406277208688,0.0297749707785714,0.489388223176507,0.480803064932916,0.484830886125565,0.222290570229124
"andrea petkovic",0.518518518518518,1.42034968461182,-2.45421373970631,0.367348088757317,1.69005838611713,-0.837344512929615,-0.635151080928306,-0.200830339349542,0.0197838167172939,0.000687813223756777,0.162511118972997,0.514069022259207,0.518359238996911,0.485343813896179,-0.191904351137765
"anett kontaveit",0.39622641509434,-0.103094503735441,-1.8230776079248,0.0795120507536693,-0.587072913072267,1.18492148056078,-0.635151080928306,-0.200830339349542,-0.400187557375513,-0.384287724815458,-0.433452823458402,0.48623094076348,0.485217383651218,0.48471063375473,-0.13824703167446
"angelique kerber",0.5,-1.02656489217311,-1.07887887864614,0.537951956578156,-0.587072913072267,1.18492148056078,-0.635151080928306,-0.200830339349542,0.19957989499241,0.126323934060365,0.146833089933871,0.45511331261848,0.47074668661523,0.470025777816772,-0.167631643466911
"anhelina kalinina",0.423728813559322,-0.697639827045268,1.63748086741864,-0.504032937181672,1.69005838611713,-0.837344512929615,-0.635151080928306,-0.200830339349542,-0.168566239369803,-0.19469630359456,-0.269612895919072,0.46164034813528,0.46881537634153,0.478767067193985,-0.195267810907385
"anna blinkova",0.457142857142857,-0.556416719506979,1.22188766439665,-1.5977112638012,-0.587072913072267,-0.837344512929615,1.56212833417502,-0.200830339349542,0.0553146263655269,-0.0281932007691302,0.130675959944793,0.44470227367933,0.463671663766509,0.430466920137405,-0.162057432953099
"anna bondar",0.518518518518518,1.14273484165094,-0.874637428440729,0.308862450367099,-0.587072913072267,-0.837344512929615,1.56212833417502,-0.200830339349542,0.0595774296312146,0.0680140113060929,0.00296629948845275,0.505119205632055,0.502768255497564,0.517912983894348,0.108263470897268
"anna kalinskaya",0.5,0.843431339083732,-0.609320477734326,0.981211905959473,-0.587072913072267,1.18492148056078,-0.635151080928306,-0.200830339349542,0.0650999511566621,0.101805214337281,0.104075533803976,0.485358639675442,0.476424579701665,0.478754222393036,0.268047825197835
"arantxa rus",0.430555555555556,0.0398665006696069,1.03097742116373,1.78640228986201,-0.587072913072267,1.18492148056078,-0.635151080928306,-0.200830339349542,-0.18514946304998,-0.244482985046222,-0.212431945883402,0.472196754269969,0.487171409328632,0.473921000957489,0.400620100941407
"aryna sabalenka",0.545054945054945,1.75507005330539,1.27323414863416,0.838088250200588,-0.587072913072267,-0.837344512929615,1.56212833417502,-0.200830339349542,0.213900523794792,0.164671210970916,0.0188186928027727,0.496947464375665,0.506921407053509,0.54121333360672,0.521514448859793
"ashleigh barty",0.545454545454545,0.697920150088611,-0.84221193995302,-0.664465912925311,-0.587072913072267,-0.837344512929615,1.56212833417502,-0.200830339349542,0.203539511067615,0.229922006218418,0.0637156544527191,0.499677317225084,0.492210632873827,0.532447755336761,-0.07341221766503
"ashlyn krueger",0.538461538461538,2.77438938741864,1.59547464347278,-1.41067813386902,1.69005838611713,-0.837344512929615,-0.635151080928306,-0.200830339349542,0.287782891395519,0.240781729462004,-0.104880954996848,0.473737480558252,0.482702798507215,0.559871733188629,0.320362655203577
"barbora krejcikova",0.515151515151515,1.2288585372513,0.242988049371333,1.09236007812598,-0.587072913072267,-0.837344512929615,1.56212833417502,-0.200830339349542,0.00896968878712902,0.0914917754852834,0.165703959156846,0.513134179605203,0.493964417074589,0.481325030326843,0.337196769056889
"beatriz haddad maia",0.505681818181818,-0.428460669602296,0.886449829712178,0.189611994158375,-0.587072913072267,1.18492148056078,-0.635151080928306,-0.200830339349542,0.237564179186368,0.234348956493669,0.408523906537261,0.452252242800033,0.45141273990543,0.422286540269852,0.126516308917581
"belinda bencic",0.505102040816326,-0.0975023872655173,0.0759052595403137,0.299687637622482,-0.587072913072267,-0.837344512929615,1.56212833417502,-0.200830339349542,0.0975853422441139,0.108489990149864,0.319098994311604,0.483154525759779,0.479978601583916,0.439961791038513,-0.00490346716787582
"bernarda pera",0.479674796747967,0.19880205624811,-0.361778238235528,0.606611449134529,-0.587072913072267,-0.837344512929615,-0.635151080928306,4.94042634799872,-0.318518997477884,-0.153247095369444,-0.0922894822340865,0.551311584939527,0.515162808893045,0.498514592647552,0.764199387807385
"bianca andreescu",0.521978021978022,0.4564675178,-0.565287701997691,-0.0398202969811838,-0.587072913072267,-0.837344512929615,1.56212833417502,-0.200830339349542,0.103791859587491,0.106560685451685,0.127496878559718,0.498634624817564,0.497301359165063,0.495951056480408,-0.016645057075227
"camila giorgi",0.527777777777778,1.54614391032847,0.0252555878187388,-0.784014100670502,-0.587072913072267,-0.837344512929615,-0.635151080928306,4.94042634799872,0.0598507242672867,0.0789017373463367,0.0949063573084643,0.514316999326895,0.509506202669198,0.508403778076172,0.897362004381609
"caroline dolehide",0.457627118644068,-0.0187480209274693,0.676980274354512,-0.0429098854616955,1.69005838611713,-0.837344512929615,-0.635151080928306,-0.200830339349542,-0.0726852750118739,-0.0513017604301057,-0.104246484332248,0.47397446273312,0.469507262230596,0.4789077937603,-0.13411247420394
"caroline garcia",0.469879518072289,0.703265110013495,0.429998112388611,0.553577392684214,-0.587072913072267,1.18492148056078,-0.635151080928306,-0.200830339349542,0.00221785393949515,-0.0314862553327797,-0.0476915651721796,0.469380709730679,0.477170909853379,0.479615181684494,0.315665322448445
"caroline wozniacki",0.555555555555556,-1.81906851418801,-1.71440016403293,0.710229384199269,-0.587072913072267,1.18492148056078,-0.635151080928306,-0.200830339349542,0.465210397070193,0.490971800701022,0.0223557661502966,0.450927012381322,0.441859350194117,0.550991892814636,-0.363101012756269
"christina mchale",0.37037037037037,-1.41652699189472,0.715069684770123,-1.40317427777961,-0.587072913072267,1.18492148056078,-0.635151080928306,-0.200830339349542,-0.258565424864052,-0.316075320483244,0.246403838503875,0.428523248915496,0.44356513327943,0.320069968700409,-0.242927882789305
"claire liu",0.4375,0.10655912895904,0.227983772934162,-0.710989500052838,-0.587072913072267,1.18492148056078,-0.635151080928306,-0.200830339349542,-0.13847183519913,-0.148357734545972,-0.348958816421653,0.46864312680626,0.471855764281803,0.508735775947571,0.0482725228150957
"clara burel",0.451977401129944,-1.67164444556905,3.30624902487983,-0.191626737448008,1.69005838611713,-0.837344512929615,-0.635151080928306,-0.200830339349542,0.0467170077418214,0.0427468587741872,-0.134272319215472,0.441470472453651,0.442078348624673,0.479387491941452,-0.143525739961789
"clara tauson",0.534883720930233,0.595575354652447,0.789983623954402,-0.250950464840274,-0.587072913072267,-0.837344512929615,-0.635151080928306,4.94042634799872,0.171147641420914,0.158103032463742,0.204885313137653,0.496391613912954,0.498271200981841,0.493058830499649,0.873630765229493
"coco gauff",0.535294117647059,0.489778607150106,-0.211599462808121,-0.375071253642344,-0.587072913072267,1.18492148056078,-0.635151080928306,-0.200830339349542,0.336520037953392,0.260454710209616,0.35706483177527,0.459608790015207,0.474979630792489,0.46240359544754,0.102802492311337
"cristina bucsa",0.493150684931507,-0.741148073852467,1.01263857789416,1.07068613265471,-0.587072913072267,1.18492148056078,-0.635151080928306,-0.200830339349542,0.168172084707252,0.223360687489003,0.232281502299262,0.455327798047836,0.441426201859033,0.445733189582825,0.181230950421247
"dalma galfi",0.457142857142857,0.106140847666632,0.699887554021688,1.43972892915327,-0.587072913072267,1.18492148056078,-0.635151080928306,-0.200830339349542,-0.0739321822348608,0.0175152581579339,0.0459563527190165,0.473770637969859,0.453086782261083,0.447761416435242,0.336686469274879
"danielle collins",0.515748031496063,1.51786326441661,1.73358093247735,0.858583430426973,-0.587072913072267,-0.837344512929615,1.56212833417502,-0.200830339349542,0.0417518593727599,0.00591375928736457,0.155786025638237,0.506357793770296,0.514378559788249,0.483946174383163,0.534245399810758
"danka kovinic",0.384615384615385,0.224804032774261,-0.271398460647413,0.250933724061175,-0.587072913072267,-0.837344512929615,1.56212833417502,-0.200830339349542,-0.492350248989617,-0.525823069786706,-0.55119932553649,0.495347839452335,0.50638223077822,0.497136145830154,0.00743057324833206
"daria kasatkina",0.435897435897436,-2.20465951481974,2.0851464085073,1.21658487024506,-0.587072913072267,-0.837344512929615,1.56212833417502,-0.200830339349542,-0.0612341958734224,-0.0958949960526023,-0.264138786095202,0.449669365215936,0.458104204491403,0.489818215370178,-0.0503376752308281
"dayana yastremska",0.561797752808989,1.07459833349445,-0.115208310970069,1.69907237788901,-0.587072913072267,1.18492148056078,-0.635151080928306,-0.200830339349542,0.308817825840054,0.353851102068376,0.423632854165492,0.492342814941373,0.479855108627197,0.475318163633347,0.444177616310125
"diana shnaider",0.542372881355932,-0.0108077658851554,-0.684337924681979,-0.666593768476149,-0.587072913072267,1.18492148056078,-0.635151080928306,-0.200830339349542,0.362663931037197,0.287307824726875,0.334454312273079,0.460807639037117,0.475839916742784,0.474098026752472,-0.0724700729563364
"diane parry",0.416666666666667,-0.161838033669159,-1.18835114086752,0.781020332065431,-0.587072913072267,1.18492148056078,-0.635151080928306,-0.200830339349542,-0.246042489610293,-0.250528823595396,-0.288441258812382,0.472003063722733,0.474682578244055,0.475548505783081,0.000523866739834765
"donna vekic",0.5,1.79014133089956,0.208018279034605,1.48254065138121,-0.587072913072267,-0.837344512929615,1.56212833417502,-0.200830339349542,-0.0721236712128748,-0.0552731312056052,-0.14908193550993,0.51622103610518,0.512799809006443,0.530433297157288,0.475808655116799
"ekaterina alexandrova",0.488721804511278,0.820829472757149,0.771150584571044,0.217875037503319,-0.587072913072267,-0.837344512929615,1.56212833417502,-0.200830339349542,-0.0347748721665578,0.0172731231714722,-0.0218216335726322,0.496542876948118,0.484721801748323,0.493176430463791,0.229716019087098
"elena rybakina",0.441176470588235,1.16837849212664,0.279357350646652,-0.0782406517450762,-0.587072913072267,1.18492148056078,-0.635151080928306,-0.200830339349542,-0.142528770313515,-0.165139794874743,-0.175541656002405,0.473232025864374,0.47941852034469,0.477011203765869,0.312492291638555
"elina avanesyan",0.493670886075949,-1.97285483779656,-0.569823439390928,0.611984274762798,1.69005838611713,-0.837344512929615,-0.635151080928306,-0.200830339349542,0.136056744161117,0.178569401901565,0.410809103203752,0.463070927390032,0.452318891193797,0.409809112548828,-0.55428362781261
"elina svitolina",0.489795918367347,-0.406632180511502,0.241310991261451,-1.01392777684803,-0.587072913072267,1.18492148056078,-0.635151080928306,-0.200830339349542,0.140101755348536,0.137089644092575,0.0786273783860343,0.458286212972567,0.458049548605538,0.473745077848434,-0.0747380521341221
"elisabetta cocciaretto",0.347826086956522,0.108468673989597,-0.559937554367029,0.816760714467372,-0.587072913072267,1.18492148056078,-0.635151080928306,-0.200830339349542,-0.559544449398241,-0.590446641662616,-0.676410706405449,0.473670911041426,0.484558059199311,0.485907256603241,0.124710239721393
"elise mertens",0.443579766536965,0.909813827979962,0.954979815709595,0.00466754261787051,-0.587072913072267,-0.837344512929615,1.56212833417502,-0.200830339349542,-0.225430836459902,-0.212739479383106,-0.250641005735919,0.494280482071037,0.492844656092519,0.494745135307312,0.243439922524733
"emma navarro",0.488188976377953,-0.613329323702279,-0.50677139010162,-1.33682475143855,-0.587072913072267,1.18492148056078,-0.635151080928306,-0.200830339349542,0.145094064619603,0.169635499871702,0.222134643281706,0.455556471386697,0.448905839133685,0.442842841148376,-0.23259691080685
"emma raducanu",0.435483870967742,1.20549202767309,-0.362236870200045,0.822488878304717,1.69005838611713,-0.837344512929615,-0.635151080928306,-0.200830339349542,-0.336944649564039,-0.308498523021357,-0.325025643007609,0.511264696237902,0.506924046100113,0.501833975315094,0.059330737633025
"erika andreeva",0.405405405405405,-1.13703637296789,-0.823623343692536,-1.62878235496841,-0.587072913072267,1.18492148056078,-0.635151080928306,-0.200830339349542,-0.116230951603106,-0.233135801715862,-0.417392526314913,0.431546427219569,0.459393548820452,0.490611106157303,-0.394159581070434
"eva lys",0.555555555555556,-0.84828411020916,-1.12596751009488,-1.24058620557161,-0.587072913072267,-0.837344512929615,1.56212833417502,-0.200830339349542,0.405205083732401,0.417869624344706,0.47815314230247,0.464422558819634,0.458787898928502,0.457946300506592,-0.444507711974652
"fiona ferro",0.425,-2.04549812047798,-0.792585788917792,-0.705919459154292,-0.587072913072267,-0.837344512929615,1.56212833417502,-0.200830339349542,-0.154607843843819,-0.128277768479606,-0.372586352468051,0.459772209663765,0.45470577024493,0.501059055328369,-0.561531494514109
"garbine muguruza",0.466101694915254,0.969813731840556,-1.18223301498476,1.36072158795524,-0.587072913072267,-0.837344512929615,1.56212833417502,-0.200830339349542,-0.254925038110981,-0.17593440027479,-0.164000811644052,0.523435829156806,0.506843492458867,0.499580502510071,0.156758649084064
"greet minnen",0.381294964028777,-0.361178660144362,0.0531675044629209,-0.389647764666221,-0.587072913072267,1.18492148056078,-0.635151080928306,-0.200830339349542,-0.333752027484742,-0.407911396419942,-0.611105836801603,0.456357749893184,0.475756555978484,0.506044924259186,-0.0201858943698879
"harmony tan",0.375,-0.0251994781493491,-0.481652213159852,-0.268802050748942,-0.587072913072267,1.18492148056078,-0.635151080928306,-0.200830339349542,-0.390013588526357,-0.437288832085261,-0.573304375204691,0.462716340483058,0.476264636347833,0.492033243179321,-0.00844138080212642
"harriet dart",0.439655172413793,-1.96472656056479,0.965443813805262,-1.06043583118018,-0.587072913072267,1.18492148056078,-0.635151080928306,-0.200830339349542,0.0736721956412505,-0.0799802304608273,0.0427716568481556,0.423085864094512,0.458176498270687,0.430923849344254,-0.274633908137172
"iga swiatek",0.530898876404494,0.0178975943380382,-0.129662155475555,0.69827338666179,-0.587072913072267,1.18492148056078,-0.635151080928306,-0.200830339349542,0.260825660488984,0.178319330417897,0.239051707660442,0.472237657628461,0.489604791525975,0.482099324464798,0.145000042499703
"jasmine paolini",0.479452054794521,-0.720291308039267,-0.103054160436804,-1.08535637862702,-0.587072913072267,1.18492148056078,-0.635151080928306,-0.200830339349542,0.138089841876827,0.0662473525888198,0.363333437615803,0.448394840523893,0.464110903645237,0.405281871557236,-0.177963573236297
"jelena ostapenko",0.406976744186047,-1.32371970427699,1.46608824780564,0.383151751530342,-0.587072913072267,-0.837344512929615,1.56212833417502,-0.200830339349542,-0.234690474308188,-0.346410848721129,-0.438675332768691,0.459760006508601,0.487196420630584,0.496527075767517,-0.0550464248304076
"jessica bouzas maneiro",0.578947368421053,0.118116901512409,-1.04091819699398,0.070388701892905,1.69005838611713,-0.837344512929615,-0.635151080928306,-0.200830339349542,0.415679622433153,0.461525536107277,0.597511890519853,0.4854585865789,0.472070146434214,0.456972450017929,-0.294407599093222
"jessica pegula",0.461538461538462,-0.143129062221062,-0.612857446003599,0.357988065937198,-0.587072913072267,1.18492148056078,-0.635151080928306,-0.200830339349542,-0.0531229767554146,-0.023692031024976,-0.145918613453716,0.473486130167542,0.46702491518203,0.491326004266739,0.0237756601435239
"jodie burrage",0.444444444444444,0.559743671433078,0.345245818930487,0.45715310774325,-0.587072913072267,1.18492148056078,-0.635151080928306,-0.200830339349542,-0.115187754835734,-0.172545079311668,-0.246779722107728,0.470350845195318,0.484401364054724,0.494821578264236,0.269839336208031
"jule niemeier",0.568047337278107,1.02245903228382,1.27805735505052,1.54961313888273,-0.587072913072267,-0.837344512929615,1.56212833417502,-0.200830339349542,0.320217906597161,0.292684148834683,0.107973165607723,0.496028454474615,0.500269356863687,0.54600590467453,0.468938205798098
"kaia kanepi",0.459183673469388,0.351851229720916,-0.245396320679356,0.253797763815209,-0.587072913072267,1.18492148056078,-0.635151080928306,-0.200830339349542,-0.0529686535143447,-0.147555274701984,0.0130869771059971,0.471096633897636,0.49335360907613,0.456512123346329,0.142852623379137
"kaja juvan",0.433962264150943,-1.58365243686115,0.780834895089426,0.203118704581284,1.69005838611713,-0.837344512929615,-0.635151080928306,-0.200830339349542,-0.135073784239967,-0.138931466100304,0.130495276901477,0.464341149393111,0.466135151633182,0.407323211431503,-0.374494733055136
"kamilla rakhimova",0.503875968992248,-0.303243050428034,-0.912748293055865,0.22104323865173,-0.587072913072267,1.18492148056078,-0.635151080928306,-0.200830339349542,0.167278999958613,0.151695072514491,0.171260735276611,0.466253942099604,0.468747364676685,0.46891513466835,-0.0541024956134095
"karolina muchova",0.491935483870968,0.395105755995691,-0.815891258299221,1.28990623938131,-0.587072913072267,-0.837344512929615,1.56212833417502,-0.200830339349542,-0.0948406588358975,0.0707584632631263,0.12849804083984,0.513265703552595,0.475549677682634,0.465704143047333,0.0885628111574865
"katerina siniakova",0.534883720930233,0.307771885550921,-0.347588253432625,-0.643100514262735,1.69005838611713,-0.837344512929615,-0.635151080928306,-0.200830339349542,0.256705910893297,0.192801704495858,0.00710851295896,0.477149057968846,0.49023589765994,0.533432602882385,-0.258801274023649
"katie boulter",0.473118279569892,1.57259008236457,-1.42755413316227,0.295459099632828,-0.587072913072267,1.18492148056078,-0.635151080928306,-0.200830339349542,-0.0979083191813171,-0.06649468376673,-0.0717789433581709,0.495138434031388,0.488516706139792,0.487771093845367,0.229514605011226
"laura siegemund",0.423076923076923,0.963553146134114,-1.93718764079224,-1.8186308340675,1.69005838611713,-0.837344512929615,-0.635151080928306,-0.200830339349542,-0.33209749849612,-0.267022328369971,-0.273240453600818,0.497767595680729,0.484912298222896,0.478855699300766,-0.45227081230657
"lauren davis",0.480769230769231,-0.705389210572144,-1.25670635326457,0.224703660136461,-0.587072913072267,1.18492148056078,-0.635151080928306,-0.200830339349542,0.0887900664482727,0.035262131131555,-0.00480303697244877,0.460799824755666,0.47260344508278,0.481749713420868,-0.164880892279944
"lesia tsurenko",0.431034482758621,-1.36701701720719,0.905200742636269,1.23244582751155,1.69005838611713,-0.837344512929615,-0.635151080928306,-0.200830339349542,-0.205118193179224,-0.1572359738749,-0.246928289499308,0.477166765841785,0.467446214655159,0.48144194483757,-0.209428532954574
"lin zhu",0.569230769230769,-1.17881928260946,0.341879962424626,0.32748988135775,1.69005838611713,-0.837344512929615,-0.635151080928306,-0.200830339349542,0.498076496288332,0.503706729432237,0.324076274240451,0.457210447836035,0.452585488036014,0.503074467182159,-0.339089654895052
"linda noskova",0.477272727272727,0.44061377930455,0.470782964382544,-0.0817567951760728,-0.587072913072267,-0.837344512929615,1.56212833417502,-0.200830339349542,-0.0441647675757956,-0.0618209577265585,-0.0594774291477959,0.487205642186465,0.491588841345437,0.48941433429718,0.0947999284316152
"liudmila samsonova",0.526315789473684,1.89852755351114,1.28962728465221,-0.228703678697617,1.69005838611713,-0.837344512929615,-0.635151080928306,-0.200830339349542,0.245007335818899,0.10224003864323,-0.0154024361392406,0.4712122045685,0.502639675258683,0.52946001291275,0.257865749381548
"lucia bronzetti",0.432692307692308,0.472555259815675,-1.2799750042111,0.0729575682699508,-0.587072913072267,1.18492148056078,-0.635151080928306,-0.200830339349542,-0.18639857911389,-0.209833455711582,-0.319860235690138,0.474614439925932,0.481284238304657,0.49798795580864,0.0260035769293537
"madison brengle",0.387096774193548,-0.681631248330927,0.863254355637958,-0.0121196731282272,1.69005838611713,-0.837344512929615,-0.635151080928306,-0.200830339349542,-0.3675511367308,-0.339670065883165,-0.265495843329728,0.469761177698646,0.46575546194434,0.441294580698013,-0.227617452352879
"madison keys",0.543269230769231,-0.257184718015401,1.6024040838853,0.396640963789855,-0.587072913072267,-0.837344512929615,1.56212833417502,-0.200830339349542,0.285215262764743,0.294159330441397,0.296081814561989,0.479122647584357,0.475149636945115,0.482827663421631,0.152278345302941
"magda linette",0.415094339622642,-0.111933655574997,-0.638904762166039,-0.568181555127366,-0.587072913072267,1.18492148056078,-0.635151080928306,-0.200830339349542,-0.176114061557148,-0.260279819893785,-0.437906645688156,0.454703423618332,0.47536832646227,0.504487752914429,-0.0745709348379529
"magdalena frech",0.394736842105263,-0.882529362219138,-0.178673145372051,-1.20747073097735,-0.587072913072267,1.18492148056078,-0.635151080928306,-0.200830339349542,-0.213399505855547,-0.336965520310728,-0.417547215734942,0.442731640915399,0.472769227961783,0.479974120855331,-0.228879462467518
"maria sakkari",0.484276729559748,0.90014923005422,0.625377427377733,-0.279839370084916,-0.587072913072267,-0.837344512929615,1.56212833417502,-0.200830339349542,0.00978754139987958,-0.0692106337999218,-0.0840878178000562,0.482075454170427,0.500304098998229,0.50144225358963,0.172907175418462
"marie bouzkova",0.48,-1.78627526086325,0.707933917665224,0.590519500826178,-0.587072913072267,1.18492148056078,-0.635151080928306,-0.200830339349542,0.160682153135844,0.167595024413823,0.21884029021067,0.443861642597455,0.441189383410407,0.435326367616653,-0.0924434800194489
"marketa vondrousova",0.535714285714286,0.204855232674823,2.07872110069714,0.191663615933728,-0.587072913072267,-0.837344512929615,-0.635151080928306,4.94042634799872,0.219837376772652,0.232959916481923,0.361584786679669,0.486271572026403,0.481766872711148,0.461901068687439,1
"marta kostyuk",0.518796992481203,0.264295205806427,-0.364095239725921,0.589566522230782,1.69005838611713,-0.837344512929615,-0.635151080928306,-0.200830339349542,0.0915940620728271,0.114069074878825,0.126984210976729,0.498196951427855,0.492381583400082,0.492874681949615,-0.134127921560263
"martina trevisan",0.519607843137255,-0.279530907121096,-0.536657568150128,-0.660759625748875,-0.587072913072267,1.18492148056078,-0.635151080928306,-0.200830339349542,0.276640560853957,0.234326233375565,0.304650841450696,0.45738976063665,0.465344026939664,0.457417011260986,-0.102822045369142
"maryna zanevska",0.366666666666667,0.132910850380717,0.37200910710046,-3.66957010473365,1.69005838611713,-0.837344512929615,-0.635151080928306,-0.200830339349542,-0.462789714684041,-0.400867496594889,-0.721920054347588,0.470750784193611,0.45949707597022,0.514038026332855,-0.537234410046694
"mayar sherif",0.5,0.570154228044113,-0.694902481070281,0.737884200935893,1.69005838611713,-0.837344512929615,-0.635151080928306,-0.200830339349542,-0.0250537027557324,0.0409598398091693,0.0275271896097222,0.505634724496618,0.490514774266331,0.49438065290451,-0.101360638693145
"mccartney kessler",0.384615384615385,-0.0274517620315443,-0.730976052313509,1.22988043176395,1.69005838611713,-0.837344512929615,-0.635151080928306,-0.200830339349542,-0.527624883732201,-0.443211307180676,-0.390948639500384,0.503281311419779,0.487251511023817,0.464422881603241,-0.158471042613711
"mirra andreeva",0.292682926829268,0.756782498998,1.02067704523123,-2.22050415982959,-0.587072913072267,1.18492148056078,-0.635151080928306,-0.200830339349542,-0.805866124503456,-0.677011676568035,-0.76015646842088,0.473926938423318,0.449461093113495,0.447859793901443,0.0906785625258063
"misaki doi",0.5,-0.618778657647747,-0.6688976758488,-1.18737539283755,-0.587072913072267,1.18492148056078,-0.635151080928306,-0.200830339349542,0.260503268946724,0.186542224580675,0.30780292770379,0.441411288970163,0.456801708276889,0.437165707349777,-0.235880312428263
"moyuka uchijima",0.555555555555556,0.164886131400319,0.541004233483557,-0.548986879413145,-0.587072913072267,-0.837344512929615,1.56212833417502,-0.200830339349542,0.371597882983536,0.323406502303601,0.407375530900377,0.471981015115243,0.480663083017146,0.472394704818726,0.00276501959002399
"nadia podoroska",0.359375,-0.618113210137099,-0.827236933762294,0.533404775470782,-0.587072913072267,-0.837344512929615,1.56212833417502,-0.200830339349542,-0.602069060542272,-0.551180057223271,-0.566197824636567,0.494783858210262,0.487013860088724,0.474957525730133,-0.175882623721178
"nao hibino",0.451612903225806,-0.696743346637265,0.966556036051948,-0.152705370436419,-0.587072913072267,-0.837344512929615,1.56212833417502,-0.200830339349542,-0.0697256966788189,-0.0566836511751966,0.0745547568416843,0.46729462081264,0.464739351700952,0.436393439769745,-0.0589137192697458
"naomi osaka",0.48,-0.0146587895806776,1.04829866080628,-0.235471056087253,1.69005838611713,-0.837344512929615,-0.635151080928306,-0.200830339349542,0.052364938798232,0.0216485014350387,0.00827000551359386,0.468222818547539,0.474986774268072,0.478311777114868,-0.111774112378089
"nina stojanovic",0.46875,1.61446318808838,1.03387735147128,1.17286735876112,-0.587072913072267,1.18492148056078,-0.635151080928306,-0.200830339349542,-0.0947016633690792,-0.0180483590735874,-0.137316665701504,0.490048958787003,0.472929527086357,0.496781557798386,0.614929919014698
"ons jabeur",0.433139534883721,-0.693865897686496,-0.042715389967213,0.176951807441227,-0.587072913072267,1.18492148056078,-0.635151080928306,-0.200830339349542,-0.107583411198035,-0.121199992046747,0.153028520770498,0.457335674209615,0.461206277547712,0.401900589466095,-0.0287785282109117
"paula badosa",0.533333333333333,1.1463785364648,0.318802680121862,1.30824530423709,-0.587072913072267,-0.837344512929615,1.56212833417502,-0.200830339349542,0.113179737554898,0.174734267510387,0.193067139807321,0.507878547430463,0.492869455093941,0.493920981884003,0.35470710991235
"petra kvitova",0.505494505494505,2.35996915309482,-1.90020667071553,0.751550749491017,-0.587072913072267,-0.837344512929615,-0.635151080928306,4.94042634799872,-0.389399696419538,0.00158483624413639,-0.0421322750136365,0.593072778046995,0.505127498943782,0.514095306396484,0.988976787302764
"petra martic",0.468531468531469,0.844796359618396,0.950960916649721,1.31568251845946,-0.587072913072267,1.18492148056078,-0.635151080928306,-0.200830339349542,-0.0382113638229906,-0.000360100936969982,-0.0257026960112869,0.477125428070376,0.468614858473665,0.473778367042542,0.483709522631034
"peyton stearns",0.508474576271186,-0.233134907069933,1.50861160235388,1.28997841204029,-0.587072913072267,-0.837344512929615,1.56212833417502,-0.200830339349542,0.134053149345033,0.143309236649097,0.109878179241976,0.478325237795046,0.475287911829395,0.486044257879257,0.243154197887944
"qinwen zheng",0.5125,0.400088025906061,0.113912609691034,1.08838985536217,-0.587072913072267,1.18492148056078,-0.635151080928306,-0.200830339349542,0.159741942390979,0.214997222442419,0.0734041941271706,0.476573101501064,0.462712276305788,0.49751541018486,0.283613826260315
"rebecca marino",0.567567567567568,-0.130448095238933,-0.489144470535657,-2.8530642634314,-0.587072913072267,1.18492148056078,-0.635151080928306,-0.200830339349542,0.651040120037168,0.660481288051625,0.735934182095275,0.421144831239107,0.414617406160164,0.417335391044617,-0.309673309530372
"rebecca peterson",0.491803278688525,0.705832793712496,0.0612856674732573,-1.18569539927708,1.69005838611713,-0.837344512929615,-0.635151080928306,-0.200830339349542,0.0320118959288634,-0.0186761932170751,-0.130897342701085,0.484603615791101,0.496128195712978,0.518524408340454,-0.200031802005326
"rebeka masarova",0.583333333333333,1.61446318808838,0.687648431505052,-1.75061656230268,1.69005838611713,-0.837344512929615,-0.635151080928306,-0.200830339349542,0.539528137905284,0.636711088025909,1,0.461990294944577,0.435887727462006,0.379195272922516,-0.0276870006031113
"renata zarazua",0.681818181818182,-1.25228468778505,-1.28770912468935,-0.186112046763166,1.69005838611713,-0.837344512929615,-0.635151080928306,-0.200830339349542,0.894390186723148,0.873622151465824,0.942731105212582,0.48066459011964,0.479510180830064,0.489370882511139,-0.595080069081323
"sara errani",0.428571428571429,-2.73817194070494,0.399241715309916,0.798749338661,-0.587072913072267,1.18492148056078,-0.635151080928306,-0.200830339349542,-0.0471254827003306,-0.16538701659869,-0.22788221194739,0.439170225658447,0.46687072840183,0.475090861320496,-0.274934431727736
"sara sorribes tormo",0.507042253521127,-0.945241582871776,-1.52294348221677,-0.851162744386351,1.69005838611713,-0.837344512929615,-0.635151080928306,-0.200830339349542,0.189144032631096,-0.0427209965672826,-0.147647600530423,0.46450265271056,0.516935317016879,0.537182748317719,-0.639769849997583
"shelby rogers",0.509615384615385,0.594178589454189,-0.337660879733579,0.434493182409216,-0.587072913072267,-0.837344512929615,1.56212833417502,-0.200830339349542,0.0705299808069484,0.116140320178114,0.223670462645148,0.493752778817208,0.482720329390502,0.463955730199814,0.0857107610432813
"shuai zhang",0.508474576271186,0.0249233818052552,-0.473737158968643,-0.116176389580229,-0.587072913072267,1.18492148056078,-0.635151080928306,-0.200830339349542,0.174814835322004,0.147327133289186,0.159359351510886,0.469157695865727,0.474357472238241,0.475943267345428,0.0180373068149244
"simona halep",0.456140350877193,-0.481859913702399,1.1048052956555,1.5916388827559,1.69005838611713,-0.837344512929615,-0.635151080928306,-0.200830339349542,-0.0757329777420233,-0.0394321769703898,0.0346740900450545,0.47317314116154,0.46527180992285,0.449062049388885,0.0104771877640592
"sloane stephens",0.540740740740741,-0.517748937808856,0.102462023829413,-0.469102552648271,-0.587072913072267,-0.837344512929615,1.56212833417502,-0.200830339349542,0.316929358226538,0.330999271766509,0.504065715637946,0.469461471727791,0.46408998172868,0.43784174323082,-0.160582483224229
"sofia kenin",0.537735849056604,0.754303224701538,-0.792263651232131,0.714291508260542,-0.587072913072267,-0.837344512929615,1.56212833417502,-0.200830339349542,0.153490531415121,0.235589319956333,0.300971859424096,0.503214929502478,0.48317953510034,0.476296037435532,0.0926132131567475
"sorana cirstea",0.452127659574468,0.255760955921023,-0.10291578369986,-0.194738095674489,-0.587072913072267,1.18492148056078,-0.635151080928306,-0.200830339349542,-0.0306118510327257,-0.1881314910903,-0.273437546964973,0.459012444174279,0.495693983781715,0.507946670055389,0.0931819765630728
"tamara korpatsch",0.439393939393939,-0.870761448346619,-0.320188089971443,1.12794117285742,-0.587072913072267,1.18492148056078,-0.635151080928306,-0.200830339349542,-0.130223452219674,-0.102891086589714,0.179077404037342,0.468681956554932,0.463220819255599,0.402837425470352,0.0114714878731339
"tamara zidansek",0.575757575757576,0.662429616187361,-1.87667723758333,-0.876033703790215,1.69005838611713,-0.837344512929615,-0.635151080928306,-0.200830339349542,0.381547111420641,0.296642362732646,0.391502703642976,0.489945395566222,0.507062976711364,0.495836973190308,-0.396323327803333
"tatjana maria",0.384615384615385,-0.564996848582008,1.75942514294266,0.704129651939813,-0.587072913072267,1.18492148056078,-0.635151080928306,-0.200830339349542,-0.284089435870338,-0.336303490232443,-0.654106201275265,0.44850876273741,0.462494461651258,0.518143355846405,0.258365057527902
"taylor townsend",0.445378151260504,0.280145865308187,0.0865121722714509,-1.191208969662,1.69005838611713,-0.837344512929615,-0.635151080928306,-0.200830339349542,-0.146302466580586,-0.228600991549319,-0.372733614953134,0.478282432930748,0.498316151455035,0.521467268466949,-0.273661179560422
"tereza martincova",0.379310344827586,0.656310558618178,-1.32167891176654,-1.67583274601621,1.69005838611713,-0.837344512929615,-0.635151080928306,-0.200830339349542,-0.421154495265819,-0.322968095114448,-0.486026688264835,0.474030457637734,0.454101293747453,0.478526890277863,-0.420906007774985
"varvara gracheva",0.411290322580645,-0.615515818240696,0.00631395355855928,-0.0350214286116313,-0.587072913072267,-0.837344512929615,1.56212833417502,-0.200830339349542,-0.30980554534388,-0.271849830701659,-0.234147517891395,0.480967404350033,0.474243620783916,0.459088742733002,-0.141747220173435
"veronika kudermetova",0.470967741935484,0.329368128363118,0.427607014904966,0.70996029421228,-0.587072913072267,-0.837344512929615,1.56212833417502,-0.200830339349542,-0.0943983011894933,-0.122570976917912,-0.236900921597316,0.492198472791417,0.499351968775219,0.519328236579895,0.156278162462908
"victoria azarenka",0.565217391304348,0.29687711700449,-0.159704368832168,0.362944028905148,-0.587072913072267,1.18492148056078,-0.635151080928306,-0.200830339349542,0.421946014095793,0.415904362997618,0.471005920189505,0.470319261273182,0.468904837714552,0.46906715631485,0.15477057092872
"viktorija golubic",0.46,-1.20692778545925,0.0289275863835022,-0.791016878736857,-0.587072913072267,-0.837344512929615,1.56212833417502,-0.200830339349542,0.00572694292667574,-0.0406610896966835,-0.166944414894782,0.458711976991414,0.469416043035004,0.49407970905304,-0.327012037625817
"viktoriya tomova",0.447368421052632,-1.2503233688063,-1.73312280525414,-1.37018470723691,-0.587072913072267,-0.837344512929615,1.56212833417502,-0.200830339349542,-0.133804475692017,-0.238309794727268,-0.817451970685312,0.477461831367654,0.502554725688187,0.614241480827332,-0.599977947568874
"yafan wang",0.5,-0.0174942964471031,-1.46855642235474,-0.500290803378332,1.69005838611713,-0.837344512929615,-0.635151080928306,-0.200830339349542,0.073214503166856,-0.04132774952276,0.0947551755030972,0.483533629399049,0.509570423983937,0.480656862258911,-0.429831952596728
"yulia putintseva",0.504950495049505,-0.993748447014316,0.432720879151426,-0.570292415360854,-0.587072913072267,-0.837344512929615,1.56212833417502,-0.200830339349542,0.168253704366983,0.151538204098556,0.0900769006942287,0.46710925142629,0.469858217349049,0.486562371253967,-0.218622177840128
"yuliia starodubtseva",0.230769230769231,-1.49594085322248,-0.113750041407331,-1.66477260239022,1.69005838611713,-0.837344512929615,-0.635151080928306,-0.200830339349542,-1,-1,-0.860262200609396,0.455675088061253,0.46234303032167,0.406381487846375,-0.665004248787351
