"ServerName","win_rate","avg_speed","sd_speed","location_entropy","modal_locationWBC_DNCTL","modal_locationWBW_DNCTL","modal_locationWC_DNCTL","modal_locationWW_DCTL","overperf_lm","overperf_rf","overperf_xgb","pred_lm","pred_rf","pred_xgb","rf_weighted_baseline"
"adam walton",0.602941176470588,-0.817140397392611,-1.12263367520836,-0.674282530783892,-0.0773823232534137,-0.175155308160464,0.476000272317373,-0.41833253335013,0.175992943104304,0.135132508885048,0.340300481995911,0.573540974942325,0.579314401565881,0.535708785057068,-0.303619766774028
"adrian mannarino",0.571830985915493,-0.986454494129028,1.1553837189354,0.376022523267789,-0.0773823232534137,-0.175155308160464,-2.0882592591988,2.37612878942874,-0.0117184440971881,0.0307438497517221,-0.0607252233989709,0.573788590646558,0.566455684118899,0.583828330039978,-0.216549067292731
"alejandro davidovich fokina",0.6075,-0.28925856629378,0.240538098036859,1.99677986392338,-0.0773823232534137,-0.175155308160464,0.476000272317373,-0.41833253335013,0.140588892884122,0.174702931555807,0.260161485248748,0.584014161815119,0.57695467176538,0.556100487709045,0.0292640138887318
"alejandro tabilo",0.690265486725664,-0.526504815300567,-0.292571060117556,0.508536291270408,-0.0773823232534137,-0.175155308160464,0.476000272317373,-0.41833253335013,0.715502484680612,0.632747766259567,0.578376315390438,0.570738437103476,0.579634897771023,0.575996994972229,-0.13978317248414
"aleksandar kovacevic",0.623188405797101,0.850105527052989,-0.771220613942284,-2.46396274974759,-0.0773823232534137,-0.175155308160464,-2.0882592591988,2.37612878942874,0.0748408718886798,0.191204188546755,-0.0217980192309176,0.610685991340778,0.58975797250681,0.627494990825653,0.12205251541305
"aleksandar vukic",0.560975609756098,-0.151495877901731,0.764097092583717,-1.63250043370661,-0.0773823232534137,-0.175155308160464,-2.0882592591988,2.37612878942874,-0.1285672017492,-0.058095329961733,0.0886154447093051,0.582453184792224,0.571133086260794,0.543468058109283,-0.111066367388791
"alex de minaur",0.620560747663551,0.125007272532135,-0.552400050352289,1.22499185287914,-0.0773823232534137,-0.175155308160464,0.476000272317373,-0.41833253335013,0.215298277617807,0.208238141590246,0.423239097695592,0.584594460385203,0.584152071923559,0.536942362785339,0.0967800745961475
"alex michelsen",0.525,-0.0760972324930956,-0.310756144955312,1.60213906275198,-0.0773823232534137,-0.175155308160464,-2.0882592591988,2.37612878942874,-0.331341817928026,-0.271088768604456,-0.603832330031331,0.580351743371049,0.572397575667453,0.644297778606415,0.129199494442465
"alex molcan",0.609022556390977,-0.679052963423448,0.280388146226978,0.0416327694059211,-0.0773823232534137,-0.175155308160464,0.476000272317373,-0.41833253335013,0.250955802125775,0.239582427874844,0.292607354289321,0.567099562053574,0.567133597610989,0.551212787628174,-0.215379768456257
"alexander bublik",0.652,1.30025822328915,2.70954597141783,0.185759668980413,-0.0773823232534137,-0.175155308160464,0.476000272317373,-0.41833253335013,0.270604989979621,0.376580451143327,0.181591512782725,0.606794544033283,0.586158096922147,0.616123378276825,0.366018058062697
"alexander shevchenko",0.486486486486487,-0.566747824064546,0.25321842494308,-0.484695974921188,-0.0773823232534137,-0.175155308160464,0.476000272317373,-0.41833253335013,-0.55086300101973,-0.572870398248812,-0.53053516013128,0.578509967421432,0.586648024673485,0.591303110122681,-0.218495702219634
"alexander zverev",0.639627659574468,2.37035735154034,-1.03360105245788,-0.346676156947829,-0.0773823232534137,-0.175155308160464,0.476000272317373,-0.41833253335013,0.0116049592719262,0.203040333998114,0.382898232014194,0.637689012857709,0.604127776478012,0.56397932767868,0.63911863982623
"alexandre muller",0.585492227979275,-1.20243998246809,0.893795212970505,0.689443926267848,-0.0773823232534137,-0.175155308160464,0.476000272317373,-0.41833253335013,0.115960854188953,0.0951618746942798,0.15050627582222,0.566120584875811,0.568853979999846,0.55575704574585,-0.322786321515486
"alexei popyrin",0.634387351778656,0.764920322254681,0.496392466584121,-0.184240185581949,-0.0773823232534137,-0.175155308160464,0.476000272317373,-0.41833253335013,0.159012536793041,0.162554286906186,-0.00896670652855987,0.607823783122014,0.605966111188838,0.636158883571625,0.186410063111052
"andreas seppi",0.619718309859155,-0.694479955073553,-0.118505632974928,-0.633788899739193,-0.0773823232534137,-0.175155308160464,-2.0882592591988,2.37612878942874,0.279506955965563,0.21393141523969,0.152908460452325,0.573025751117929,0.582314213431009,0.589508533477783,-0.200430750224515
"andrey rublev",0.647122692725299,0.36676446692022,0.136249590622216,-0.37805521423511,-0.0773823232534137,-0.175155308160464,0.476000272317373,-0.41833253335013,0.351825330424207,0.241656736847332,0.179080939456563,0.588349111042031,0.604871058586285,0.611742079257965,0.0583235470106969
"andy murray",0.572815533980582,0.143802325957711,0.505403149905584,-0.209534258338675,-0.0773823232534137,-0.175155308160464,0.476000272317373,-0.41833253335013,-0.0652248096891101,-0.0829138285089247,-0.133642128233376,0.583711553534991,0.587312314798397,0.599218904972076,0.00531090020923292
"arthur cazaux",0.558139534883721,0.173409365651212,1.40391655684445,-0.240647428300226,-0.0773823232534137,-0.175155308160464,0.476000272317373,-0.41833253335013,-0.238453356490832,-0.142277542338561,-0.266213052570858,0.597973954447728,0.583015558385125,0.610734641551971,0.0117603807926982
"arthur fils",0.6113074204947,0.458724850303262,-0.707483312954999,0.345959370936257,-0.0773823232534137,-0.175155308160464,0.476000272317373,-0.41833253335013,0.0885703321682341,0.0937989692322192,0.120346123077567,0.596511454422196,0.594907464994514,0.587530910968781,0.133788260409425
"arthur rinderknech",0.618506493506494,0.956515728470962,0.164699202501966,0.229940246148117,-0.0773823232534137,-0.175155308160464,0.476000272317373,-0.41833253335013,0.090702483704696,0.0215230005090894,0.01563008223006,0.603354344488498,0.614743379119749,0.615418493747711,0.269722974036903
"aslan karatsev",0.605633802816901,0.102805945108797,0.193974855796461,1.25727228185707,-0.0773823232534137,-0.175155308160464,0.476000272317373,-0.41833253335013,0.130553454259648,0.149350524102397,0.216743572284901,0.583824417748719,0.579521128346622,0.562812268733978,0.0925483483833481
"ben shelton",0.625246548323471,0.915774372985706,0.798526527784679,0.711616706179894,-0.0773823232534137,-0.175155308160464,0.476000272317373,-0.41833253335013,0.082121881927229,0.181819424163827,0.0813912492050502,0.611527817129177,0.593456961617311,0.609166264533997,0.290491767235448
"benjamin bonzi",0.623306233062331,0.546639727733777,-0.255492373124977,1.078702526618,-0.0773823232534137,-0.175155308160464,0.476000272317373,-0.41833253335013,0.135631662199714,0.142116169445851,0.175884544150567,0.600648516611043,0.598458424244745,0.588557124137878,0.20867414149002
"benoit paire",0.65,-0.34886292029492,1.02519709605139,-0.405166723327279,-0.0773823232534137,-0.175155308160464,0.476000272317373,-0.41833253335013,0.459246332977407,0.456998321550346,0.489416099066483,0.573281385591412,0.570097713243199,0.553307175636292,-0.150194478318428
"bernabe zapata miralles",0.523148148148148,-1.25172108856077,0.603543126395064,0.508722127796756,-0.0773823232534137,-0.175155308160464,0.476000272317373,-0.41833253335013,-0.193579682044314,-0.285057716873659,-0.143068338778811,0.555486272413204,0.572988076134336,0.551413834095001,-0.349226803247288
"borna coric",0.555555555555556,0.141666320731409,0.336559470974516,-2.37378608639018,-0.0773823232534137,-0.175155308160464,0.476000272317373,-0.41833253335013,-0.139932796855642,-0.10057157372342,-0.112009705881817,0.578931790735231,0.573139643602028,0.577685058116913,-0.14149414270713
"borna gojo",0.611428571428571,1.11137159249813,0.93587761213966,-0.561173013946956,-0.0773823232534137,-0.175155308160464,0.476000272317373,-0.41833253335013,0.0496176889868708,0.0170769383486101,-0.0247863655325188,0.603139772856028,0.608442813362262,0.616325557231903,0.261011167761539
"botic van de zandschulp",0.630368098159509,0.427908805499283,0.142363409737789,0.122945312417529,-0.0773823232534137,-0.175155308160464,0.476000272317373,-0.41833253335013,0.24238781142041,0.212180205502092,0.174338804788459,0.589876414924624,0.593270185925104,0.595924377441406,0.109824134121955
"brandon nakashima",0.617117117117117,0.838946553012264,-0.671697377875339,-0.142033749935018,-0.0773823232534137,-0.175155308160464,0.476000272317373,-0.41833253335013,0.0777274586713073,0.035934032451781,-0.0372206224790678,0.604132488819482,0.6108343558248,0.624470710754395,0.210641145919614
"cameron norrie",0.629080118694362,-0.49704192840619,0.268423890772591,0.0216420774775936,-0.0773823232534137,-0.175155308160464,0.476000272317373,-0.41833253335013,0.331781950039259,0.315825524620086,0.274850973707434,0.573654849802681,0.573860700059077,0.574778437614441,-0.164161843021959
"carlos alcaraz",0.581293706293706,0.00175508244024033,0.173865599948339,1.48898213045479,-0.0773823232534137,-0.175155308160464,0.476000272317373,-0.41833253335013,-0.00358389080515237,0.0306955583032898,0.191189620815874,0.581892407071523,0.575926847847949,0.54352080821991,0.0790141885432832
"carlos taberner",0.551282051282051,0.780278231773606,-1.80113523542116,-1.56809855718934,-0.0773823232534137,-0.175155308160464,0.476000272317373,-0.41833253335013,-0.301969115775973,-0.292826530120291,-0.43441354941724,0.601726987894444,0.602480290479726,0.637108147144318,0.0973706164209965
"casper ruud",0.626806833114323,0.0247146930029405,0.0096367945096018,0.650140512786834,-0.0773823232534137,-0.175155308160464,0.476000272317373,-0.41833253335013,0.242432867569866,0.296083818097101,0.204016234299896,0.586307623101087,0.575039084695937,0.586499810218811,0.0289843540484256
"christopher eubanks",0.603448275862069,-0.0380098993304727,-0.504633665803649,-1.36128939512242,-0.0773823232534137,-0.175155308160464,0.476000272317373,-0.41833253335013,0.0912815730267222,0.186901028920397,0.17544068331482,0.58819938806313,0.570770213594189,0.568786859512329,-0.124997199084643
"constant lestienne",0.491666666666667,-1.79856203879722,0.467082699606825,-0.954549488618148,-0.0773823232534137,-0.175155308160464,-2.0882592591988,2.37612878942874,-0.307642288339171,-0.505774272389124,-0.365413276041638,0.543059325464509,0.58009701540307,0.563860535621643,-0.540976876653824
"corentin moutet",0.533505154639175,-1.65884643353332,0.70892009125857,0.941227954686171,-0.0773823232534137,-0.175155308160464,0.476000272317373,-0.41833253335013,-0.082824713218562,-0.115543077255943,0.00136130060640397,0.547341296118457,0.553706883302747,0.53323620557785,-0.437597954773104
"cristian garin",0.561475409836066,-0.470423342181102,1.22270508782377,1.16511795782291,-0.0773823232534137,-0.175155308160464,-2.0882592591988,2.37612878942874,-0.139409472990423,0.0514320891652667,-0.0769055010431444,0.584764222038259,0.552482944561701,0.576669454574585,-0.0142086927217318
"daniel altmaier",0.579937304075235,-0.387530853048436,-0.440864212826703,-0.60460402163873,-0.0773823232534137,-0.175155308160464,0.476000272317373,-0.41833253335013,-0.00741999129509572,-0.0514189449753701,0.181193455521997,0.58117683809044,0.588927471199299,0.544139325618744,-0.174833845481243
"daniel evans",0.617771509167842,-0.0868408635124017,-0.4453641012063,0.754567622734503,-0.0773823232534137,-0.175155308160464,0.476000272317373,-0.41833253335013,0.199744779781023,0.20386172615865,0.0418411049198601,0.584403484994849,0.582128012607493,0.6095050573349,0.00381870762784107
"daniil medvedev",0.66633064516129,0.824037684376221,-0.278846717959544,-1.37221759696348,-0.0773823232534137,-0.175155308160464,0.476000272317373,-0.41833253335013,0.411892925506372,0.294456692941988,0.141589034056668,0.597522573630966,0.61484738579812,0.638357222080231,0.123240291873534
"david goffin",0.611872146118721,-1.52060674506309,0.0314440839880884,-0.216741814024224,-0.0773823232534137,-0.175155308160464,-2.0882592591988,2.37612878942874,0.371479837970163,0.187546345901376,0.234175358664855,0.549815214134031,0.579081255641127,0.565606653690338,-0.410861635429226
"denis kudla",0.585585585585586,-0.103947182598987,0.0100265035409102,-1.48944877918788,-0.0773823232534137,-0.175155308160464,0.476000272317373,-0.41833253335013,0.0439086564120425,0.12374215196928,0.0933782236399687,0.578250499731693,0.563950318136439,0.567137062549591,-0.15269788100093
"denis shapovalov",0.661849710982659,0.781266464425426,-0.508410862359894,-0.404351519488314,-0.0773823232534137,-0.175155308160464,0.476000272317373,-0.41833253335013,0.36497723801168,0.26573838997546,0.187240919422485,0.600879059765054,0.615387603712598,0.624856948852539,0.176263338442361
"diego schwartzman",0.590163934426229,-1.54490106891542,0.0694650384768714,1.60629585699795,-0.0773823232534137,-0.175155308160464,0.476000272317373,-0.41833253335013,0.206552821337323,0.230984076401637,0.377247355444569,0.555658604459962,0.549778324592288,0.515632033348083,-0.359765218166454
"dominic stricker",0.62962962962963,0.661754532040789,-0.556090222383606,-0.608888110227779,-0.0773823232534137,-0.175155308160464,0.476000272317373,-0.41833253335013,0.209861790584856,0.0893786993979448,0.0498785622457616,0.594571525438371,0.614002520880046,0.619775235652924,0.127930253821502
"dominic thiem",0.554794520547945,0.13868325835847,0.171952290765826,-1.34163874558335,-0.0773823232534137,-0.175155308160464,0.476000272317373,-0.41833253335013,-0.234367330580868,-0.15712057987673,-0.192258040645301,0.593946356008955,0.582265723475158,0.592778503894806,-0.0726375344447319
"dominik koepfer",0.518796992481203,-0.976808879932264,-1.72422425581902,1.38886340497247,-0.0773823232534137,-0.175155308160464,-2.0882592591988,2.37612878942874,-0.392384580613456,-0.35078509352813,-0.312243541298966,0.584346130663304,0.580128795709736,0.580486238002777,-0.145349146350863
"dusan lajovic",0.591463414634146,-0.885770267828957,0.281071413278155,0.712727640862039,-0.0773823232534137,-0.175155308160464,-2.0882592591988,2.37612878942874,0.134050237906737,0.152084377090892,0.137522012402479,0.56906988032616,0.564872749118524,0.564293503761292,-0.164726229270982
"egor gerasimov",0.525423728813559,1.08927833008018,-1.06842228704469,-2.54660046906594,-0.0773823232534137,-0.175155308160464,0.476000272317373,-0.41833253335013,-0.513444238923391,-0.491023833088425,-0.580607764397664,0.611196282142172,0.611275088141873,0.640133082866669,0.120521092140107
"emil ruusuvuori",0.546511627906977,0.904073697316739,0.196292888784697,0.794627706067002,-0.0773823232534137,-0.175155308160464,0.476000272317373,-0.41833253335013,-0.330213174203656,-0.368248444002984,-0.36776232368979,0.601674827621872,0.610896750090036,0.619169592857361,0.292719511908013
"fabian marozsan",0.601374570446735,-0.365144848203673,-0.861580506708966,0.679423008613653,-0.0773823232534137,-0.175155308160464,-2.0882592591988,2.37612878942874,0.179446306635672,0.180601800770584,0.135208818049842,0.571397473152189,0.569797874880303,0.574661672115326,-0.0166093748349524
"fabio fognini",0.559183673469388,-0.68925305677324,-0.386016297631305,0.958447210172962,-0.0773823232534137,-0.175155308160464,0.476000272317373,-0.41833253335013,-0.0876623650324793,-0.0450184249626079,-0.0128151995700656,0.573827960637605,0.567054763867486,0.561715543270111,-0.156397935054543
"facundo bagnis",0.586021505376344,0.0262306360490487,-0.900429918052119,0.921327427732931,-0.0773823232534137,-0.175155308160464,0.476000272317373,-0.41833253335013,0.0207295645875425,0.0214012007951057,0.0605551723295575,0.582558563250843,0.582279686638215,0.574057757854462,0.0477399751957753
"facundo diaz acosta",0.616279069767442,-0.665327503816937,-1.48002342399932,-0.34528611682849,-0.0773823232534137,-0.175155308160464,0.476000272317373,-0.41833253335013,0.242096145212964,0.330400606921906,0.407283611461784,0.575836110334356,0.558511321410434,0.535812973976135,-0.237550699794026
"federico coria",0.528795811518325,-0.384247881539719,0.591932733471414,0.406082494564401,-0.0773823232534137,-0.175155308160464,0.476000272317373,-0.41833253335013,-0.324562218716072,-0.287084607344462,-0.232743615018867,0.583015000483518,0.578990124140048,0.574778437614441,-0.105617096486919
"federico delbonis",0.476190476190476,-0.430163451579768,-0.707182986218108,-0.996640994666497,-0.0773823232534137,-0.175155308160464,0.476000272317373,-0.41833253335013,-0.626530501242794,-0.553057740404109,-0.444600058996211,0.580854462571027,0.572887938922774,0.564029097557068,-0.213627760509751
"feliciano lopez",0.622222222222222,1.40110295329786,0.956648015670431,-0.353989496855906,-0.0773823232534137,-0.175155308160464,0.476000272317373,-0.41833253335013,0.0923132788933428,0.0705788200499503,0.0298462972413397,0.606800984555945,0.609882113183186,0.616325557231903,0.358685635678864
"filip krajinovic",0.585365853658537,0.112974316233133,-0.605503275129347,-1.27513946051785,-0.0773823232534137,-0.175155308160464,0.476000272317373,-0.41833253335013,0.0142500765841821,0.027481165234503,0.0967986621877978,0.5829853313718,0.580561004622048,0.566241562366486,-0.0755709544803616
"flavio cobolli",0.573099415204678,-0.403746897762517,1.02680558216601,0.534206035272843,-0.0773823232534137,-0.175155308160464,-2.0882592591988,2.37612878942874,-0.0245463883737635,0.0201818936120562,-0.102053825608803,0.577199970330641,0.569570782002668,0.593261957168579,-0.0375673082759885
"frances tiafoe",0.631040892193309,0.954275810399773,0.0031878328171977,0.421234602921328,-0.0773823232534137,-0.175155308160464,0.476000272317373,-0.41833253335013,0.168115293358295,0.126235221108642,0.100955675442144,0.602956678033723,0.608969732715932,0.611095309257507,0.281997350721191
"francisco cerundolo",0.58974358974359,-0.76358074191954,-0.364760970532023,0.867063524818665,-0.0773823232534137,-0.175155308160464,0.476000272317373,-0.41833253335013,0.100083827691867,0.129381712896244,0.0650670438439014,0.573024256275105,0.567122292820986,0.57688844203949,-0.18403784578299
"gabriel diallo",0.616883116883117,1.36946907255766,0.0171112514618907,0.9618924957797,-0.0773823232534137,-0.175155308160464,0.476000272317373,-0.41833253335013,0.0229544244873835,0.107500568602962,0.013959389083509,0.61304850457429,0.598087552755237,0.614125192165375,0.438432692068161
"gael monfils",0.661577608142494,0.382548079142019,0.491340660481156,-0.335623208266571,-0.0773823232534137,-0.175155308160464,0.476000272317373,-0.41833253335013,0.425386298593186,0.376162915275471,0.277546714338616,0.590515424140096,0.595808707675528,0.606743335723877,0.0657482959633687
"gianluca mager",0.655555555555556,0.610868203452245,2.8152495046721,-0.183337268235414,-0.0773823232534137,-0.175155308160464,-2.0882592591988,2.37612878942874,0.305224384509155,0.33423840517274,0.0589881163345047,0.604566815566186,0.597116800672063,0.643901407718658,0.207005032542674
"grigor dimitrov",0.641929499072356,1.1501769302309,-0.261815049966682,0.483743134416911,-0.0773823232534137,-0.175155308160464,0.476000272317373,-0.41833253335013,0.220772510203396,0.177175785453402,0.0524778115936471,0.605048723187873,0.610951813273351,0.631561577320099,0.342799547900235
"guido pella",0.570621468926554,-0.0682207593990054,-0.568860099715521,-0.900683863580524,-0.0773823232534137,-0.175155308160464,0.476000272317373,-0.41833253335013,-0.098015087651498,-0.00259675554046209,0.172287869734695,0.586995212549084,0.57107548964402,0.536582946777344,-0.102610271758148
"hamad medjedovic",0.649350649350649,1.30649286758177,-0.481824652904115,0.511411325280903,-0.0773823232534137,-0.175155308160464,0.476000272317373,-0.41833253335013,0.220701264751436,0.179511165688819,0.218851488920197,0.612481775253867,0.617964642092994,0.606112658977509,0.389815444359596
"henri laaksonen",0.55688622754491,0.0810651664665737,1.88288319944412,0.309753990628035,-0.0773823232534137,-0.175155308160464,0.476000272317373,-0.41833253335013,-0.241254600484663,-0.0781287496736868,-0.115897923830011,0.59718860415592,0.57054637784743,0.579783916473389,0.0222674421548456
"holger rune",0.5311004784689,-0.114476810043094,-0.665353961653334,0.89661571011955,-0.0773823232534137,-0.175155308160464,0.476000272317373,-0.41833253335013,-0.331912597084735,-0.310698025514019,-0.252643868766658,0.58654757238037,0.58542339730408,0.581014752388,0.00543180646776907
"hubert hurkacz",0.619377162629758,0.670084540135097,0.562908655834678,-1.01698899835483,-0.0773823232534137,-0.175155308160464,0.476000272317373,-0.41833253335013,0.14935593153136,0.107936305301266,-0.0170014296813857,0.594426761727257,0.600505413629907,0.622736096382141,0.102770239117891
"hugo dellien",0.553191489361702,-0.656879650491941,-0.483688911447743,0.802955405552226,-0.0773823232534137,-0.175155308160464,0.476000272317373,-0.41833253335013,-0.0905431189657279,-0.191968899251996,0.00947829653551992,0.568317015974506,0.586755625843395,0.551318883895874,-0.157550844946847
"hugo gaston",0.453333333333333,-1.77195896554247,1.8141552995037,1.27729046766096,-0.0773823232534137,-0.175155308160464,0.476000272317373,-0.41833253335013,-0.614807400330733,-0.626982006715046,-0.512604267596358,0.556038937046537,0.562955828054862,0.554607391357422,-0.447567072190816
"ilya ivashka",0.588983050847458,0.575167233014905,0.252919590864713,1.0129969620358,-0.0773823232534137,-0.175155308160464,0.476000272317373,-0.41833253335013,-0.047924258791335,0.00210826598695471,-0.0494793749573136,0.596988956321309,0.588614438391994,0.598758578300476,0.212475229121997
"jack draper",0.65018315018315,0.709968259337917,-0.363407866416718,-0.508293837223864,-0.0773823232534137,-0.175155308160464,0.476000272317373,-0.41833253335013,0.313094945311732,0.169927709814454,0.125347731794449,0.597879607056481,0.620472729034426,0.625418484210968,0.148650104389161
"jakub mensik",0.576923076923077,1.63768984300252,-2.50211665065782,-0.557019399011928,-0.0773823232534137,-0.175155308160464,0.476000272317373,-0.41833253335013,-0.242069235506089,-0.143242499209489,-0.0211651944085444,0.617361541000888,0.601967814962309,0.581104636192322,0.413302401425211
"james duckworth",0.555555555555556,-0.724897921997027,2.36905572502121,0.104350597659747,-0.0773823232534137,-0.175155308160464,-2.0882592591988,2.37612878942874,-0.0919434019523811,-0.141213320788342,-0.0103243435077774,0.570915004059079,0.58024550893051,0.557595312595367,-0.159357128662637
"jannik sinner",0.625,0.981679297553207,-0.618162549561075,0.557225888141147,-0.0773823232534137,-0.175155308160464,0.476000272317373,-0.41833253335013,0.0932200154764023,0.0796320755001472,0.00888000877056072,0.609427288997322,0.611077005906572,0.623245596885681,0.299097762399312
"jason kubler",0.601190476190476,-0.390475322402254,0.705519725627919,-0.259024870620543,-0.0773823232534137,-0.175155308160464,0.476000272317373,-0.41833253335013,0.167429506178663,0.133417494628019,0.114747874037917,0.573220825040811,0.577863557006228,0.578519999980927,-0.152341523891201
"jaume munar",0.513274336283186,-0.252934508950654,0.357042731736361,0.919542242636026,-0.0773823232534137,-0.175155308160464,-2.0882592591988,2.37612878942874,-0.3846947417193,-0.343702139914555,-0.209533268890412,0.577538861518766,0.573367745049357,0.554671347141266,0.032018362556267
"jenson brooksby",0.56019656019656,-1.08688659810106,-0.802794199451083,0.768978004028198,-0.0773823232534137,-0.175155308160464,0.476000272317373,-0.41833253335013,-0.0474787477488616,-0.0661647025324152,-0.0902630859322796,0.568128041581577,0.57176489816548,0.578029632568359,-0.284040050905591
"jeremy chardy",0.546875,1.91534484928227,-1.50643470009326,-0.313643546574058,-0.0773823232534137,-0.175155308160464,0.476000272317373,-0.41833253335013,-0.475822689333386,-0.317393024475833,-0.362933325776802,0.626362749402718,0.602368482711801,0.618578910827637,0.509933663370811
"jiri lehecka",0.519230769230769,0.571753655628812,0.951647740455689,1.54822201924663,-0.0773823232534137,-0.175155308160464,0.476000272317373,-0.41833253335013,-0.481599080134207,-0.442893471376508,-0.413511190816925,0.599683483765921,0.596666942371598,0.600927233695984,0.247642023406746
"jiri vesely",0.609756097560976,1.97576437926999,-0.822902848864995,0.117268490963287,-0.0773823232534137,-0.175155308160464,0.476000272317373,-0.41833253335013,-0.094957362073875,-0.0282412859771951,-0.042799338522886,0.625619038042115,0.614693847272781,0.61821186542511,0.556490664108508
"joao sousa",0.548780487804878,-1.54612441715948,1.38001354648529,-0.123001384690562,-0.0773823232534137,-0.175155308160464,-2.0882592591988,2.37612878942874,-0.0556891902837216,-0.137768309181333,-0.307529124465413,0.558083550691422,0.572868110071985,0.609538316726685,-0.411899762966242
"john isner",0.671641791044776,1.29572268327308,-0.376081001811515,-2.08430079357758,-0.0773823232534137,-0.175155308160464,0.476000272317373,-0.41833253335013,0.398161926795264,0.336224261878602,0.268121538803003,0.605127528130697,0.612855825932083,0.618669629096985,0.211372957298555
"john millman",0.65625,-2.03723201562382,2.7860739527626,-0.77512434177264,-0.0773823232534137,-0.175155308160464,-2.0882592591988,2.37612878942874,0.740617593208352,0.637411231837014,0.769466004257495,0.532527388674624,0.544804043578394,0.504228353500366,-0.597789701308404
"jordan thompson",0.621621621621622,0.0607861824064535,0.418835348804143,-0.168422604398109,-0.0773823232534137,-0.175155308160464,0.476000272317373,-0.41833253335013,0.175002905089347,0.204647272668941,0.252104340863648,0.592386809208666,0.585840778905792,0.571813941001892,-0.0158887754073148
"juncheng shang",0.64,-1.29473927894739,-0.164420621234652,0.768698172319005,-0.0773823232534137,-0.175155308160464,0.476000272317373,-0.41833253335013,0.468209180716192,0.444856882637147,0.46684796436229,0.561784112319317,0.562220541026005,0.547765910625458,-0.344090740168295
"kamil majchrzak",0.508196721311475,0.00902818555799055,0.157764415907856,-1.14159739053624,-0.0773823232534137,-0.175155308160464,0.476000272317373,-0.41833253335013,-0.432836578442636,-0.435299827852963,-0.350753961442811,0.580503499131967,0.584305210183599,0.577494382858276,-0.0965722345067061
"karen khachanov",0.614767255216693,0.593322726120244,-0.861978900595205,-0.0519415046414337,-0.0773823232534137,-0.175155308160464,0.476000272317373,-0.41833253335013,0.126616804689355,0.162459623165015,0.250022608523502,0.593615500441358,0.586362565780426,0.565370857715607,0.145785772793285
"kei nishikori",0.521739130434783,-1.74271914399545,-0.48446175070124,0.795226918523837,-0.0773823232534137,-0.175155308160464,0.476000272317373,-0.41833253335013,-0.195362663498827,-0.230640871330333,-0.0973780763309615,0.554375107631662,0.562064733768195,0.540977895259857,-0.471683872642571
"kevin anderson",0.6,1.95954299313905,0.315370187735599,-1.70844231859205,-0.0773823232534137,-0.175155308160464,0.476000272317373,-0.41833253335013,-0.13984114096489,-0.0349139712226102,-0.050128394689596,0.623360923760866,0.606104412224062,0.609903752803802,0.428484833894642
"laslo djere",0.572727272727273,-0.19304054645527,-0.270671511556403,0.434201244343953,-0.0773823232534137,-0.175155308160464,0.476000272317373,-0.41833253335013,-0.0622913543245032,-0.0755846651022718,-0.0390500863675586,0.583133248889189,0.585942611385258,0.580442309379578,-0.0484934703122414
"lloyd harris",0.635869565217391,1.02671508739166,-0.459092664098465,-1.42398559181641,-0.0773823232534137,-0.175155308160464,0.476000272317373,-0.41833253335013,0.148015250865234,0.0968928637108325,-0.0561014651372917,0.611143129441411,0.618928668466072,0.646953403949738,0.178280602709132
"lorenzo musetti",0.53972602739726,0.116264160730922,-0.751035779323515,1.17788586248386,-0.0773823232534137,-0.175155308160464,0.476000272317373,-0.41833253335013,-0.314276904799967,-0.243735884194415,-0.30210247731846,0.592227020754259,0.582341182844126,0.599411725997925,0.0910730430533154
"lorenzo sonego",0.571428571428571,0.606787417756249,0.203744522358245,0.902181342950979,-0.0773823232534137,-0.175155308160464,-2.0882592591988,2.37612878942874,-0.187293111904435,-0.0654062976445693,-0.0335516226507059,0.602716503420154,0.582864308724865,0.578057289123535,0.279149652087506
"luca nardi",0.617647058823529,-1.20043858613374,-1.86594024025269,-0.98309874469345,-0.0773823232534137,5.67503198439904,-2.0882592591988,-0.41833253335013,0.780144676436714,0.579357457070937,0.633189703482461,0.487321317893977,0.516351313332541,0.492549210786819,-0.109975209691896
"luca van assche",0.633802816901408,0.369832692165705,-1.58927913252691,1.64858824526148,-0.0773823232534137,5.67503198439904,-2.0882592591988,-0.41833253335013,0.641458619241008,0.591878568839173,0.586249454263416,0.526645039179889,0.530317861043901,0.517978847026825,0.521310689414458
"luciano darderi",0.525423728813559,-0.492865395775986,0.999304432275711,-1.82981429079002,-0.0773823232534137,-0.175155308160464,0.476000272317373,-0.41833253335013,-0.264167718411824,-0.244127808518412,-0.2764105950227,0.569553817336292,0.568107408909742,0.580033540725708,-0.288015396483486
"mackenzie mcdonald",0.565217391304348,-0.673931504754398,-0.129076921393712,0.550979408507033,-0.0773823232534137,-0.175155308160464,0.476000272317373,-0.41833253335013,-0.0391173562215522,-0.0947623845052703,-0.116114317424172,0.571752074660855,0.581785791807027,0.588157832622528,-0.179495896650227
"marco cecchinato",0.414634146341463,-0.319048423254252,-1.31874331126158,-0.477352300756906,-0.0773823232534137,-0.175155308160464,0.476000272317373,-0.41833253335013,-1,-1,-1,0.581687444102606,0.589475678550457,0.612201869487762,-0.146459386760966
"marcos giron",0.545871559633027,-0.141345973306035,0.691332540142208,0.0640341294601718,-0.0773823232534137,-0.175155308160464,0.476000272317373,-0.41833253335013,-0.191968398593314,-0.195532445219538,-0.0568568961956951,0.577940513683966,0.580058751951783,0.557104647159576,-0.058566675845587
"mariano navone",0.543859649122807,-0.865150411241458,-1.615951215943,1.06755555678864,-0.0773823232534137,-0.175155308160464,0.476000272317373,-0.41833253335013,-0.174449330471424,-0.144546731251483,-0.0720978613051899,0.573001985070282,0.569132421090618,0.558103859424591,-0.199830508093326
"marin cilic",0.606060606060606,1.03578265313679,0.664413637352244,-0.787999824401378,-0.0773823232534137,-0.175155308160464,0.476000272317373,-0.41833253335013,-0.0507365665191766,0.00604012335678845,-0.00986271174934248,0.614536316814712,0.605004541638174,0.608009159564972,0.223858243353587
"marton fucsovics",0.580645161290323,0.374927512928323,-0.407836315666906,0.652429822065849,-0.0773823232534137,-0.175155308160464,0.476000272317373,-0.41833253335013,-0.0708389682626454,-0.124498540333797,-0.223620218891348,0.592479044548594,0.602412676840067,0.624825298786163,0.130287079071721
"matteo arnaldi",0.557823129251701,-0.865186581785252,-0.229608586889361,0.441576383603781,-0.0773823232534137,-0.175155308160464,0.476000272317373,-0.41833253335013,-0.0696679430038148,-0.107644085896911,-0.0725976680963393,0.569461388878723,0.576643786163153,0.572166085243225,-0.242123798223369
"matteo berrettini",0.623778501628665,1.9031898455506,-0.579077035130155,-0.555917545145041,-0.0773823232534137,-0.175155308160464,0.476000272317373,-0.41833253335013,-0.0322895291041015,0.0347631654236212,0.0422012077769597,0.629172573948659,0.617700456521564,0.615440905094147,0.490058252994643
"mattia bellucci",0.745098039215686,0.259462008709731,-0.323053512016737,-1.16145100536546,-0.0773823232534137,-0.175155308160464,0.476000272317373,-0.41833253335013,0.952844243780314,0.937477779725093,0.838025484096399,0.585922266039463,0.581187987796666,0.579531252384186,-0.0255832539452838
"max purcell",0.577777777777778,0.168606141748871,-0.249055866766299,0.185693913573476,-0.0773823232534137,-0.175155308160464,0.476000272317373,-0.41833253335013,-0.0875179958768684,-0.0651358070249307,0.0469498191056314,0.592397947602455,0.589166222079686,0.568502008914948,0.0391710804329525
"maximilian marterer",0.488372093023256,0.647988770784448,-1.01602311893479,-0.082957830229384,-0.0773823232534137,-0.175155308160464,0.476000272317373,-0.41833253335013,-0.669260622901307,-0.663814885365462,-0.697307532973223,0.600174287140596,0.604434504683691,0.626137554645538,0.159479309738914
"michael mmoh",0.630434782608696,0.554645968285363,-0.458288372253835,0.989148075435945,-0.0773823232534137,-0.175155308160464,0.476000272317373,-0.41833253335013,0.211793974839744,0.19659252802891,0.262068120258318,0.595053900665776,0.596062243787281,0.578658580780029,0.204937385335009
"mikael ymer",0.536764705882353,-1.62236372412785,0.594778529615491,1.34085338357002,12.8454656600667,-0.175155308160464,-2.0882592591988,-0.41833253335013,-0.148372238149164,0.0248074697043562,0.126804984128767,0.561550777561372,0.532427329869015,0.51171213388443,0.0336672059247994
"mikhail kukushkin",0.641025641025641,-0.100446686105033,-1.98899000431824,-0.47757226424021,-0.0773823232534137,-0.175155308160464,-2.0882592591988,2.37612878942874,0.400094188301798,0.43227545980308,0.232425990664357,0.574188587454758,0.565445937297323,0.595105767250061,-0.0183107787054308
"miomir kecmanovic",0.594262295081967,-0.125946942285658,-0.995797068419763,1.04506469802802,-0.0773823232534137,-0.175155308160464,0.476000272317373,-0.41833253335013,0.0397733343510037,0.130089950461354,0.162561085371768,0.587618028415676,0.571517168818312,0.562145471572876,0.0121462582600668
"nick kyrgios",0.638157894736842,1.5753846901433,-0.731227739897543,-2.29220624129202,-0.0773823232534137,-0.175155308160464,0.476000272317373,-0.41833253335013,0.147976696010257,0.135052145087777,0.158265880236356,0.613437899676531,0.614545170761584,0.606889665126801,0.27810130488052
"nicolas jarry",0.589189189189189,0.59175549259526,-0.039207663566049,0.439398777493884,-0.0773823232534137,-0.175155308160464,0.476000272317373,-0.41833253335013,-0.0587229878681991,-0.0567710746141783,0.0528085957467648,0.598999057966959,0.599115130859883,0.578755915164948,0.17852155326803
"nikoloz basilashvili",0.5,1.14446034019588,-0.552009868020653,-1.72755251329602,-0.0773823232534137,-0.175155308160464,-2.0882592591988,2.37612878942874,-0.700523396259056,-0.687030461028179,-0.785914867415357,0.617024743503911,0.620121458480418,0.655271410942078,0.256809855810026
"norbert gombos",0.464285714285714,-0.129495806295568,2.61574600868403,-0.948089656462695,-0.0773823232534137,-0.175155308160464,0.476000272317373,-0.41833253335013,-0.786524769661154,-0.643057515919378,-0.857119144344691,0.595677270828433,0.576718875667568,0.633624792098999,-0.12350977092554
"novak djokovic",0.655048076923077,0.610771064674536,-0.772338520352937,-0.759820205679671,-0.0773823232534137,-0.175155308160464,0.476000272317373,-0.41833253335013,0.345420539901978,0.334350961910426,0.42202640728067,0.597344436618017,0.596589642447107,0.571669280529022,0.103010294832276
"nuno borges",0.577075098814229,0.278566043609354,-1.4261809551543,-0.106103646386021,-0.0773823232534137,-0.175155308160464,0.476000272317373,-0.41833253335013,-0.104195523869071,-0.155212283947352,0.184824974268298,0.594481304688507,0.604212652357242,0.540559649467468,0.051219611236144
"oscar otte",0.580645161290323,-2.68513199538607,1.24783718433387,-1.02123530298078,-0.0773823232534137,-0.175155308160464,0.476000272317373,-0.41833253335013,0.369745776199795,0.13634559986206,0.0706220123371796,0.518877910042894,0.556806287700486,0.566692531108856,-0.86656661305122
"pablo andujar",0.617142857142857,-0.632019681917768,-1.13921992372827,1.18089372222222,-0.0773823232534137,-0.175155308160464,0.476000272317373,-0.41833253335013,0.271689733054486,0.309944411283529,0.391268867530465,0.571756191268261,0.56295170137443,0.539840757846832,-0.124842319843108
"pablo carreno busta",0.611111111111111,-0.229812681828037,-0.401224598420836,0.615101124037889,-0.0773823232534137,-0.175155308160464,0.476000272317373,-0.41833253335013,0.204658808412408,0.180212416837391,0.169474129016997,0.576922182249953,0.579602496028176,0.577628493309021,-0.0468947643483252
"pavel kotov",0.536312849162011,-1.72488200456894,2.08470372463954,0.12764775179977,-0.0773823232534137,-0.175155308160464,0.476000272317373,-0.41833253335013,-0.0319184855472234,-0.0789097963340448,0.112436017961354,0.541644937432216,0.550109558859355,0.51409912109375,-0.51162495597126
"pedro cachin",0.540983606557377,0.446248231579134,-1.24353947728921,-0.216912865228691,-0.0773823232534137,-0.175155308160464,0.476000272317373,-0.41833253335013,-0.326123624414116,-0.308065090536431,-0.433329940841928,0.595463633493571,0.594846179006869,0.626595616340637,0.0921646003802853
"pedro martinez",0.544554455445545,-0.86188646731933,-0.102983422171275,0.651809365539136,-0.0773823232534137,-0.175155308160464,0.476000272317373,-0.41833253335013,-0.115593624421216,-0.18325301861483,-0.204757084131287,0.563864751605272,0.576594694002085,0.585007846355438,-0.226970113189508
"peter gojowczyk",0.571865443425077,0.351417954708363,0.0676951540823593,0.134907094222158,-0.0773823232534137,-0.175155308160464,0.476000272317373,-0.41833253335013,-0.114899130698842,-0.182100747455103,-0.152535565569196,0.591059722118207,0.60370421712653,0.602001547813416,0.088540108124432
"philipp kohlschreiber",0.5,-0.709183026403505,0.108327165817776,0.96025093992056,-0.0773823232534137,-0.175155308160464,0.476000272317373,-0.41833253335013,-0.443963663275768,-0.447016919204278,-0.356541372735357,0.574165594036335,0.57815712307702,0.570441067218781,-0.162032251392137
"quentin halys",0.609929078014184,0.711605938427124,-0.0190763480258597,-0.771591722001358,-0.0773823232534137,-0.175155308160464,0.476000272317373,-0.41833253335013,0.0272688415717891,-0.0358474649571605,-0.0947736278740407,0.605373728103491,0.616196703713103,0.628653287887573,0.131338187147758
"radu albot",0.553571428571429,-0.744661808547041,-0.416934679629686,0.176845429490985,-0.0773823232534137,-0.175155308160464,0.476000272317373,-0.41833253335013,-0.109012784067133,-0.190525099765046,-0.105623824994874,0.571782373647967,0.586883128938621,0.574439287185669,-0.225195672045117
"rafael nadal",0.649350649350649,0.0915769132552131,-0.983754747097903,0.0304757731678947,-0.0773823232534137,-0.175155308160464,0.476000272317373,-0.41833253335013,0.366127316734167,0.367401999075133,0.371765095136987,0.588187873689768,0.585113520895706,0.575901865959167,0.0064391044488084
"reilly opelka",0.600961538461538,1.54864596343758,0.898348168639872,-0.149454637039957,-0.0773823232534137,-0.175155308160464,0.476000272317373,-0.41833253335013,-0.0564663429364127,-0.0800223957636018,-0.0998141047828801,0.610394427261578,0.614952776747881,0.620681583881378,0.415114509085761
"ricardas berankis",0.559322033898305,-0.273693970549158,-0.405412026143737,2.25008154448245,-0.0773823232534137,-0.175155308160464,0.476000272317373,-0.41833253335013,-0.164614310345673,-0.122823700995897,-0.290282045306956,0.586821397300226,0.580796717972007,0.616672396659851,0.050869062768331
"richard gasquet",0.592833876221498,-0.92121345810855,-0.26783827404179,-0.695776450842608,-0.0773823232534137,-0.175155308160464,-2.0882592591988,2.37612878942874,0.166224891227677,0.0404864351599375,-0.0244234955449805,0.565065459971928,0.585755165864455,0.597659170627594,-0.270102732612623
"rinky hijikata",0.585616438356164,-0.889550663695089,0.112911320904485,0.81943677882144,-0.0773823232534137,-0.175155308160464,0.476000272317373,-0.41833253335013,0.133620132283549,0.120791023146468,0.0853627512106247,0.563294754610917,0.564497150792144,0.568751513957977,-0.223637373734049
"roberto bautista agut",0.577777777777778,-1.11702198347345,-0.15548146820733,0.466942623222819,-0.0773823232534137,-0.175155308160464,0.476000272317373,-0.41833253335013,0.115036177153537,0.0353221970874617,0.033607782417812,0.558560605022444,0.571601990718018,0.571137964725494,-0.313145221435442
"roberto carballes baena",0.57311320754717,-0.361157390499824,-0.415392258045142,0.851392264541593,-0.0773823232534137,-0.175155308160464,-2.0882592591988,2.37612878942874,0.00188201210828458,0.0520518733528888,-0.0878675342878203,0.572798811218054,0.564012378255802,0.590472996234894,-0.00384176146498286
"roman safiullin",0.629370629370629,0.518886611761496,0.0598526221970252,1.28064167158762,-0.0773823232534137,-0.175155308160464,0.476000272317373,-0.41833253335013,0.176406198469467,0.19912988500264,0.311514410341982,0.599901392170798,0.594554455168167,0.567825436592102,0.214298844405735
"salvatore caruso",0.444444444444444,-1.24049616313683,-0.851708418320085,0.622354828122522,-0.0773823232534137,5.67503198439904,-2.0882592591988,-0.41833253335013,-0.561841238323127,-0.694249525466841,-0.276110998172752,0.538301876124527,0.565828095212434,0.498995065689087,-0.0131014641449718
"sam querrey",0.619469026548673,1.50113392588115,2.29472367937997,-1.07920224334484,-0.0773823232534137,-0.175155308160464,0.476000272317373,-0.41833253335013,0.0225238891824399,0.0626297216308255,0.0267654288207162,0.615706336582339,0.608518750056916,0.614181041717529,0.33859072717501
"sebastian baez",0.54320987654321,-1.79134898486739,-0.173914759469242,0.121062619226622,-0.0773823232534137,-0.175155308160464,0.476000272317373,-0.41833253335013,-0.0780525409265431,-0.1721673091527,-0.0139247756938635,0.556248810903625,0.573311872671767,0.545960962772369,-0.53126668181768
"sebastian korda",0.603448275862069,0.277255678524767,-0.27229883185529,-0.299572047096272,-0.0773823232534137,-0.175155308160464,0.476000272317373,-0.41833253335013,0.0820693468360346,-0.131365291146769,-0.122525938355801,0.589738320828006,0.626416384645251,0.627655446529388,0.0377729960432859
"sebastian ofner",0.557894736842105,0.519414600524536,0.319469681791491,0.0366024422454743,-0.0773823232534137,-0.175155308160464,0.476000272317373,-0.41833253335013,-0.229448682873257,-0.197240759629594,-0.273715845298518,0.596224895983033,0.592380613469809,0.611972153186798,0.130420561191129
"stan wawrinka",0.592105263157895,0.527921912424787,-0.178259262998454,-0.438455887606974,-0.0773823232534137,-0.175155308160464,-2.0882592591988,2.37612878942874,-0.0768675910440364,-0.0416760253147717,-0.0786527016806008,0.604946247732756,0.59939196328031,0.607644498348236,0.165816146694654
"stefan kozlov",0.431818181818182,-3.7598116223016,2.39427635922974,0.730615806689932,-0.0773823232534137,5.67503198439904,-2.0882592591988,-0.41833253335013,-0.165039899480246,-0.563007921386558,-0.408383889362316,0.459388641288524,0.530255349439208,0.512501657009125,-0.73341476863734
"stefano travaglia",0.464285714285714,-0.0284714774800766,0.939891392326106,0.987005360313016,-0.0773823232534137,5.67503198439904,-2.0882592591988,-0.41833253335013,-0.581078867532006,-0.421035647636345,-0.369678043219895,0.561356855366246,0.537900232033059,0.537322163581848,0.361585150337974
"stefanos tsitsipas",0.657608695652174,1.15079931734982,-1.31544866687017,-0.504124135682197,-0.0773823232534137,-0.175155308160464,0.476000272317373,-0.41833253335013,0.303506716407263,0.361737958531888,0.357223236501189,0.606906897783685,0.594361876724305,0.587032914161682,0.276252105734141
"steve johnson",0.582677165354331,0.496480026415491,-0.247169102518731,-1.89118049078797,-0.0773823232534137,-0.175155308160464,0.476000272317373,-0.41833253335013,-0.0426071777935998,-0.130190421242998,-0.183733680368836,0.589794834913047,0.605439858083391,0.618977010250092,-0.0064188024562673
"sumit nagal",0.571428571428571,-3.59559242113182,0.603937833750803,0.896323426736148,-0.0773823232534137,-0.175155308160464,0.476000272317373,-0.41833253335013,0.279890824843946,0.141765609501503,0.391026323364062,0.524671886125304,0.546642055048787,0.494174391031265,-1
"tallon griekspoor",0.621621621621622,0.399354203301613,-0.450987909202626,-0.51142571088584,-0.0773823232534137,-0.175155308160464,0.476000272317373,-0.41833253335013,0.146626595844049,0.0434944964758439,0.037784602107918,0.597127165246383,0.614016977215126,0.614156603813171,0.0587273392626408
"taro daniel",0.532374100719424,-0.273349051489673,0.535165363835944,-0.919868873883975,-0.0773823232534137,-0.175155308160464,0.476000272317373,-0.41833253335013,-0.249557013337092,-0.203899157789291,-0.0932225092947352,0.574063422776807,0.568024141883428,0.55079185962677,-0.163151088902424
"taylor fritz",0.606805293005671,1.31658711593762,-0.305587869482886,-0.768217861510926,-0.0773823232534137,-0.175155308160464,0.476000272317373,-0.41833253335013,-0.0113442566612878,-0.106253070759477,-0.225001009758877,0.608700388491588,0.625382742699169,0.651258230209351,0.306296092856226
"tennys sandgren",0.671875,0.778821150107999,0.56303396543851,-2.00652933197686,-0.0773823232534137,-0.175155308160464,-2.0882592591988,2.37612878942874,0.426776827182388,0.471263402236466,0.435838155546195,0.600580523611145,0.589478584678953,0.585767447948456,0.132362367909066
"thanasi kokkinakis",0.618320610687023,1.34549244489986,-1.33750190615701,-0.957544830867988,-0.0773823232534137,-0.175155308160464,0.476000272317373,-0.41833253335013,0.0574118364905282,0.0898434181475536,0.189519565168443,0.608729774070757,0.602612249799211,0.580877661705017,0.301856082020329
"thiago monteiro",0.587962962962963,0.444178060906684,-1.08924982918924,0.246546106667214,-0.0773823232534137,-0.175155308160464,0.476000272317373,-0.41833253335013,-0.0587604555481513,0.00791084960373257,-0.103065414321063,0.597779090840229,0.586579817897171,0.608325362205505,0.12287183187958
"thiago seyboth wild",0.547169811320755,0.236887574893767,-0.886868181317095,-1.04611847749625,-0.0773823232534137,-0.175155308160464,0.476000272317373,-0.41833253335013,-0.271625810997566,-0.409184398198449,-0.348800217937239,0.592545798804943,0.618712238457787,0.616081476211548,-0.0243128430170939
"tim van rijthoven",0.646153846153846,0.733651618474149,1.41555570056455,1.11561225277834,-0.0773823232534137,-0.175155308160464,0.476000272317373,-0.41833253335013,0.299810868484083,0.286110843988596,0.337087850017023,0.596069451868948,0.596129787809272,0.579556167125702,0.265179845613913
"tomas machac",0.62874251497006,-0.00967524863716199,-1.76053286778917,0.276373785916032,-0.0773823232534137,-0.175155308160464,0.476000272317373,-0.41833253335013,0.257785583729855,0.23941040349863,0.205214058785825,0.585678583092706,0.586883633195586,0.588198840618134,-0.00619483038689462
"tommy paul",0.61139896373057,-0.40471419430846,2.23833204185754,0.768053572818893,-0.0773823232534137,-0.175155308160464,0.476000272317373,-0.41833253335013,0.185477525684081,0.305636239707588,0.180968109462424,0.580414331404467,0.5579610552815,0.575645506381989,-0.0870781938414856
"ugo humbert",0.580645161290323,-0.186680852637364,1.1852462677043,1.13698239549109,-0.0773823232534137,-0.175155308160464,0.476000272317373,-0.41833253335013,-0.0484620910986857,0.049629567939443,0.0968650116888136,0.588740913424759,0.57196785158892,0.561507761478424,0.000813895127949527
"vasek pospisil",0.630252100840336,1.34045062516681,-1.23650529824597,0.394149322485406,-0.0773823232534137,-0.175155308160464,0.476000272317373,-0.41833253335013,0.094759274555873,0.169291615212486,0.0664506165807948,0.614422251532324,0.60065289544645,0.617123603820801,0.391702423036008
"yannick hanfmann",0.504424778761062,0.573140533753009,0.691423921389446,0.0957472643158094,-0.0773823232534137,-0.175155308160464,0.476000272317373,-0.41833253335013,-0.555758781979214,-0.563565970682066,-0.475310518886345,0.597266116050406,0.602959516575963,0.598330795764923,0.149932666457302
"yibing wu",0.511811023622047,0.106701119962021,-0.178185011168121,0.641735760877039,-0.0773823232534137,-0.175155308160464,0.476000272317373,-0.41833253335013,-0.459392916364302,-0.451331899716922,-0.378041440207603,0.588554125268813,0.59072258450335,0.586499810218811,0.05209587216131
"yoshihito nishioka",0.530612244897959,-1.27272009870761,-0.0979904733756389,1.06196963199906,-0.0773823232534137,-0.175155308160464,0.476000272317373,-0.41833253335013,-0.150036056142087,-0.159347874351968,-0.172709670659335,0.555676262859571,0.558472871403904,0.564734101295471,-0.3179216574432
"yosuke watanuki",0.582278481012658,-0.200651278399791,2.35374959645781,0.0298093296694915,-0.0773823232534137,-0.175155308160464,-2.0882592591988,2.37612878942874,0.00827747517933936,0.0638559559593557,0.0489377506903354,0.580895701486814,0.571113807832054,0.572609961032867,-0.01297979593279
"yunchaokete bu",0.522727272727273,0.198505261287194,-0.297040580456984,-3.65885719564233,-0.0773823232534137,-0.175155308160464,0.476000272317373,-0.41833253335013,-0.436309098386678,-0.355810358792178,-0.386550889733467,0.595614146455958,0.584937701034329,0.59909725189209,-0.211880326568564
"zizou bergs",0.621848739495798,-0.440633760168489,1.0419229641966,0.171888669759721,-0.0773823232534137,-0.175155308160464,0.476000272317373,-0.41833253335013,0.25060535512524,0.279955133535312,0.246381060155422,0.579984288485525,0.572900954998711,0.57317179441452,-0.137721431260703
