"ServerName","win_rate","avg_speed","sd_speed","location_entropy","modal_locationWB_DNCTL","modal_locationWBC_DNCTL","modal_locationWBW_DNCTL","modal_locationWC_DNCTL","modal_locationWW_DCTL","cluster","avg_welo","avg_welo_scaled","avg_welo_rescaled","performance_lm","performance_rf","performance_xgb","pred_lm","pred_rf","pred_xgb","weighted_avg"
"adam walton",0.558823529411765,-0.754728896191222,-0.24547141123504,-0.516624874820969,-0.109766251701977,-0.251620477537952,2.13056831791084,-1.5698157080643,-0.192467983241925,"2",1500,-0.855637019926784,-1,0.00705794597538242,-0.058609697279708,0.151729558317189,0.526223696307339,0.527920353578269,0.552485883235931,-0.452849136226607
"adrian mannarino",0.547457627118644,-1.17858409584835,0.768326094665456,0.829884811568678,-0.109766251701977,-0.251620477537952,-0.46654780684179,0.6332029746814,-0.192467983241925,"3",1528.18374605405,0.497330708750021,-0.359336093715862,0.0146000760641319,-0.00117460709076663,-0.0797667839569374,0.54385690000347,0.540961013675249,0.523234128952026,-0.134193525780017
"alejandro davidovich fokina",0.55663430420712,0.0690348333291055,-0.734627652647985,1.97499230804291,-0.109766251701977,3.95044149734585,-0.46654780684179,-1.5698157080643,-0.192467983241925,"1",1539.05829343104,1.01936605624521,-0.112139358822743,0.293608107686305,-0.0769281134047047,0.0439722616702441,0.589202856006517,0.527427600440759,0.534492254257202,0.283713722988128
"alejandro tabilo",0.590163934426229,-0.891256108024369,0.912472438131755,1.74458407132046,-0.109766251701977,-0.251620477537952,-0.46654780684179,0.6332029746814,-0.192467983241925,"3",1509.95326970705,-0.377827835774021,-0.773745454611009,0.37393019952342,0.26196178813707,0.288051921300772,0.558621079256444,0.540939346349384,0.534922957420349,0.0401960651138773
"aleksandar kovacevic",0.516393442622951,0.223727135758176,0.76667688205015,-0.545065185324863,-0.109766251701977,-0.251620477537952,-0.46654780684179,0.6332029746814,-0.192467983241925,"4",1500,-0.855637019926784,-1,-0.165576706433941,-0.0820352051583184,-0.154109685278478,0.55008694375012,0.55228099306142,0.552533984184265,0.108488360663202
"aleksandar vukic",0.48780487804878,-0.60341685076724,0.0120711277131427,-1.64418476406703,-0.109766251701977,-0.251620477537952,2.13056831791084,-1.5698157080643,-0.192467983241925,"2",1500,-0.855637019926784,-1,-0.401427868612785,-0.486805589772227,-0.512857253126073,0.541184163465321,0.5289164141133,0.522693455219269,-0.499550840529439
"alex de minaur",0.58876629889669,-0.457445655097277,0.152391040578407,0.560649170049515,-0.109766251701977,3.95044149734585,-0.46654780684179,-1.5698157080643,-0.192467983241925,"1",1544.76361992161,1.29325167132655,0.0175522992367219,0.406471292470721,0.122345322449349,0.249895196469799,0.567396354757078,0.527543321019562,0.529429972171783,0.0782226612613568
"alex michelsen",0.477272727272727,0.256012373032345,-0.725598058567618,1.4889109793313,-0.109766251701977,-0.251620477537952,2.13056831791084,-1.5698157080643,-0.192467983241925,"2",1511.51768334344,-0.302727770641499,-0.738183703897967,-0.511123533896228,-0.545604621666059,-0.489071606830346,0.533137869351326,0.529545058989412,0.542212963104248,-0.0308712565701567
"alex molcan",0.548837209302326,-0.537951875060392,-0.691844055211417,0.153748041619189,-0.109766251701977,-0.251620477537952,-0.46654780684179,0.6332029746814,-0.192467983241925,"3",1500,-0.855637019926784,-1,0.00553218481668681,0.00884712467840763,0.0186179010657285,0.540012814276516,0.54111589292718,0.54053670167923,-0.141005782438131
"alexander bublik",0.577197149643705,0.829131076018034,3.62593539857628,0.0401904908145737,-0.109766251701977,-0.251620477537952,-0.46654780684179,0.6332029746814,-0.192467983241925,"4",1508.04748915592,-0.46931530442587,-0.81706704891087,0.445343072518719,0.371030788003122,0.242207527829704,0.591864303154089,0.560269666028412,0.544255137443542,0.546747649141241
"alexander shevchenko",0.5,-0.458343858856627,-0.372900751949218,-1.1250784260934,-0.109766251701977,-0.251620477537952,2.13056831791084,-1.5698157080643,-0.192467983241925,"2",1500,-0.855637019926784,-1,-0.316892355861615,-0.417469569906705,-0.317987286316099,0.541622883360861,0.528316635844631,0.543608546257019,-0.44155201245245
"alexander zverev",0.596570397111913,2.32914834536628,0.794753706413327,-0.368022267728917,-0.109766251701977,-0.251620477537952,-0.46654780684179,0.6332029746814,-0.192467983241925,"4",1573.71704562875,2.68316806289781,0.675712317364626,0.570095733175694,0.523931602102495,0.465085127069062,0.590567277039898,0.563688851387649,0.560518562793732,0.687784569340351
"alexandre muller",0.517482517482518,-0.884582431213367,0.210821246487462,0.645830962648204,-0.109766251701977,-0.251620477537952,-0.46654780684179,0.6332029746814,-0.192467983241925,"3",1512.99924608563,-0.231604983260697,-0.704505293228288,-0.16410810641716,-0.194835962185221,-0.297169748538735,0.548855297502027,0.540059072934287,0.523005902767181,-0.116619029226664
"alexei popyrin",0.573957016434892,0.86003738959433,0.280457526356584,0.479256860590871,-0.109766251701977,-0.251620477537952,-0.46654780684179,0.6332029746814,-0.192467983241925,"4",1514.04187456768,-0.18155334404611,-0.68080459585356,0.26548843463025,0.412119577584669,0.188440374890222,0.558853760819819,0.566514669421292,0.538308441638947,0.337288499343018
"andreas seppi",0.542857142857143,-0.925760807184244,-0.019634601812245,-0.646614649308484,-0.109766251701977,-0.251620477537952,-0.46654780684179,-1.5698157080643,5.16455755032498,"2",1514.36351005678,-0.166113152514665,-0.673493280727082,-0.163602949807421,-0.246055036575416,-0.0395933942646579,0.513113340198344,0.518820252524322,0.537587761878967,-0.317475266677757
"andrey rublev",0.590425531914894,-0.301315599485632,1.98553250674609,-0.328961776402065,-0.109766251701977,-0.251620477537952,-0.46654780684179,0.6332029746814,-0.192467983241925,"3",1554.09151316167,1.74103950287083,0.229590986681421,0.314466787166725,0.310321038257994,0.382723035828532,0.545824200971298,0.545719665955795,0.553076922893524,0.0837294100324041
"andy murray",0.547325102880658,-0.0564108006107852,0.87714178870692,-0.534489415621365,-0.109766251701977,-0.251620477537952,-0.46654780684179,0.6332029746814,-0.192467983241925,"3",1514.38227040026,-0.165212557566834,-0.673066826595895,0.026468415292317,0.0517666731028106,0.0507853329664273,0.546524495900773,0.546458428633587,0.54896479845047,0.0434990653016982
"arthur cazaux",0.519480519480519,-0.445175272162529,1.58171769630038,-0.31834971174368,-0.109766251701977,3.95044149734585,-0.46654780684179,-1.5698157080643,-0.192467983241925,"1",1500,-0.855637019926784,-1,0.000635253708070408,-0.180027482812218,-0.112677381752695,0.580462518276408,0.540313479485581,0.556283295154572,0.10892045378002
"arthur fils",0.543820224719101,0.618130723756986,-0.779031621731578,0.506397142609678,-0.109766251701977,-0.251620477537952,-0.46654780684179,0.6332029746814,-0.192467983241925,"4",1511.52308559612,-0.302468434159977,-0.738060901616898,0.0211496087925709,0.162089170913419,0.0542464710128485,0.550364365299906,0.559950310020126,0.554588973522186,0.193356025320114
"arthur rinderknech",0.545454545454545,0.873646366413107,0.404900200644435,0.229528253384629,-0.109766251701977,-0.251620477537952,-0.46654780684179,0.6332029746814,-0.192467983241925,"4",1517.36595735518,-0.0219799243056137,-0.605242608480773,0.0902436710287746,0.149550120973363,0.0447379059895067,0.562495538409061,0.557637456998631,0.55042177438736,0.326872914553504
"aslan karatsev",0.575842696629214,0.379803647081478,-0.984985432469564,1.40295223633148,-0.109766251701977,-0.251620477537952,2.13056831791084,-1.5698157080643,-0.192467983241925,"2",1531.35904916974,0.649761923396353,-0.287156118284768,0.103934065017756,-0.0513278770705867,0.29398965943971,0.522426410159251,0.51793281548025,0.556298494338989,-0.0261843507070821
"ben shelton",0.5858310626703,1.42816984130654,-0.0646875489081009,0.481482322227581,-0.109766251701977,-0.251620477537952,-0.46654780684179,0.6332029746814,-0.192467983241925,"4",1555.90392631243,1.82804484628066,0.270790183081358,0.388419895372694,0.490400883970675,0.417606854414467,0.567770477695227,0.56703211654608,0.566387116909027,0.461946493506833
"benjamin bonzi",0.575657894736842,0.619595705978781,-0.590102749995624,0.631993853974266,-0.109766251701977,-0.251620477537952,-0.46654780684179,0.6332029746814,-0.192467983241925,"3",1525.73680465659,0.379864679274391,-0.414959183390843,0.287677373669782,0.234123199182356,0.335481681234957,0.561088162660409,0.547239958407924,0.564677596092224,0.220301964785566
"benoit paire",0.54601226993865,-0.688105199562227,1.21126212691626,1.20492077059763,-0.109766251701977,-0.251620477537952,-0.46654780684179,0.6332029746814,-0.192467983241925,"3",1500,-0.855637019926784,-1,0.0629547828399454,0.0596149990958678,0.142676356344294,0.556004494560181,0.548088873653619,0.568797051906586,0.0662423790989287
"bernabe zapata miralles",0.528846153846154,-1.04050744961847,0.56560186922349,-0.074299611554919,-0.109766251701977,-0.251620477537952,-0.46654780684179,0.6332029746814,-0.192467983241925,"3",1506.2019510042,-0.557910821733471,-0.859019232244217,-0.155314345748824,-0.117894348252988,-0.0979029061299521,0.53463934725551,0.540761382784329,0.545954883098602,-0.198910848732471
"borna coric",0.509677419354839,-0.0374871559297723,0.149649887706246,-2.34186154853652,-0.109766251701977,-0.251620477537952,-0.46654780684179,0.6332029746814,-0.192467983241925,"3",1500,-0.855637019926784,-1,-0.352724320251887,-0.264098570030881,-0.411531371066885,0.520462734991959,0.537898035210913,0.511646628379822,-0.179262429358592
"borna gojo",0.590361445783133,1.21087187099741,1.17502460659476,0.296495297107088,-0.109766251701977,-0.251620477537952,-0.46654780684179,0.6332029746814,-0.192467983241925,"4",1541.60984277527,1.1418538161848,-0.0541383547399358,0.413071115315372,0.533379438367601,0.512194496005432,0.566522143468321,0.568570327920485,0.578499555587769,0.482668028563146
"botic van de zandschulp",0.564405113077679,0.500070790476539,0.121860622090986,-0.0333247281242022,-0.109766251701977,-0.251620477537952,-0.46654780684179,0.6332029746814,-0.192467983241925,"3",1545.00344500702,1.30476453411117,0.0230039264173065,0.177913515950967,0.158881425476321,0.221192235228614,0.554045674836642,0.5466415721629,0.558198690414429,0.180582744589497
"brandon nakashima",0.563739376770538,0.802274716681211,-0.0838387883383725,0.58096774502514,-0.109766251701977,-0.251620477537952,-0.46654780684179,0.6332029746814,-0.192467983241925,"4",1534.42019165649,0.79671282869864,-0.21757120577911,0.192287996654974,0.270449641149048,0.228838662186578,0.55799031690541,0.558470496165258,0.560634434223175,0.303323341144958
"cameron norrie",0.558270676691729,-0.581060129579487,0.199459528136785,-0.171424490623564,-0.109766251701977,-0.251620477537952,-0.46654780684179,0.6332029746814,-0.192467983241925,"3",1540.0090192513,1.06500588535682,-0.0905277633788681,0.0512729493506786,0.0656480529997248,-0.0383381021148041,0.536245261488959,0.540975742595331,0.516077876091003,-0.11422766192643
"carlos alcaraz",0.579346557759627,0.302498804950114,-0.444288906614553,0.699594310389002,-0.109766251701977,-0.251620477537952,-0.46654780684179,0.6332029746814,-0.192467983241925,"3",1574.85787659827,2.73793393691131,0.701645322293629,0.278195494918542,0.233718162610859,0.319777843351073,0.553895446274723,0.544872489620419,0.556398630142212,0.153624674458714
"carlos taberner",0.584,0.543399853055693,-0.153445071289045,-0.00480331549678943,-0.109766251701977,-0.251620477537952,-0.46654780684179,0.6332029746814,-0.192467983241925,"4",1500,-0.855637019926784,-1,0.330794807943102,0.433668531507184,0.408449166132182,0.558314159316481,0.562385247834416,0.567179799079895,0.173478797955359
"casper ruud",0.586505190311419,0.21130161236473,-0.30982380807645,0.170320505280736,-0.109766251701977,-0.251620477537952,-0.46654780684179,0.6332029746814,-0.192467983241925,"3",1566.42679180189,2.3331976174255,0.509992597723149,0.293821109874433,0.26125639775735,0.2858170960257,0.547047832304538,0.54317439470779,0.539649844169617,0.0895819073328549
"christopher eubanks",0.568093385214008,0.526581977305611,-1.02648075218509,-1.99449310646619,-0.109766251701977,-0.251620477537952,-0.46654780684179,0.6332029746814,-0.192467983241925,"4",1500,-0.855637019926784,-1,0.0954759454719525,0.245266886251402,0.474209196988678,0.531606435940027,0.553149661931221,0.602497756481171,-0.0873671481417075
"constant lestienne",0.462365591397849,-1.40671955677915,-0.844158299674601,0.612608736512319,-0.109766251701977,-0.251620477537952,-0.46654780684179,-1.5698157080643,5.16455755032498,"2",1500,-0.855637019926784,-1,-0.79639226350017,-0.694510950680312,-0.593185619510693,0.494579083678274,0.523718051301641,0.542882919311523,-0.389967468543779
"corentin moutet",0.519134775374376,-1.47229024756612,-0.0932861011818246,0.262523293578485,-0.109766251701977,-0.251620477537952,-0.46654780684179,0.6332029746814,-0.192467983241925,"3",1511.87379514802,-0.285632535023196,-0.730088684188383,-0.209972609477232,-0.193501217819218,-0.26764229526041,0.536935837693161,0.539153661565301,0.526451110839844,-0.332954282163071
"cristian garin",0.550649350649351,-0.445175272162529,0.866849973595206,1.4042413626078,-0.109766251701977,-0.251620477537952,2.13056831791084,-1.5698157080643,-0.192467983241925,"2",1516.89363335131,-0.0446539554120704,-0.615979326757178,-0.109404072650745,-0.247958185917171,-0.0437417556400665,0.513432114864943,0.513711913529413,0.525777757167816,-0.102074342215377
"daniel altmaier",0.532051282051282,-0.161724508777513,-0.333070122575067,-0.555528309862709,-0.109766251701977,-0.251620477537952,-0.46654780684179,0.6332029746814,-0.192467983241925,"3",1510.74525925592,-0.339808180791967,-0.755742201347755,-0.122267154294773,-0.0264807090056408,0.0111067064512275,0.537017923804391,0.548088328513831,0.562759637832642,-0.0803334695866937
"daniel evans",0.57035175879397,-0.0171876012520246,-0.764686822051297,0.964288100976972,-0.109766251701977,-0.251620477537952,-0.46654780684179,0.6332029746814,-0.192467983241925,"3",1541.15169675969,1.11986040292746,-0.0645527835184764,0.227391146373452,0.205885892834994,0.135347002838127,0.55598503548486,0.547698391900662,0.533008933067322,0.0688116747620135
"daniil medvedev",0.612742036227358,0.552564191287644,0.790901794667572,-0.94477408010644,-0.109766251701977,-0.251620477537952,-0.46654780684179,0.6332029746814,-0.192467983241925,"4",1587.42307623326,3.34112946592013,0.987273423893555,0.504548791057863,0.608230563333166,0.560484646429457,0.554022380840351,0.562111635132532,0.556358754634857,0.159974397246525
"david goffin",0.549751243781095,-1.8329158164713,-0.128149745741978,0.121090644678828,-0.109766251701977,-0.251620477537952,2.13056831791084,-1.5698157080643,-0.192467983241925,"2",1519.87139544024,0.0982942531858552,-0.548289790801851,-0.110212811018281,-0.185091586910754,-0.236933373065281,0.51453187970369,0.520707076736988,0.4892458319664,-0.670220694011799
"denis kudla",0.544973544973545,-0.0316343858537223,-0.770403285908333,0.0375574074216044,-0.109766251701977,-0.251620477537952,-0.46654780684179,0.6332029746814,-0.192467983241925,"3",1500,-0.855637019926784,-1,-0.0283926684523148,0.00109309965975228,-0.0187718181929803,0.538381149076753,0.54275935998395,0.538674473762512,-0.0233649038710641
"denis shapovalov",0.601489757914339,0.927392130488355,-0.401585055790963,-0.622231666028122,-0.109766251701977,-0.251620477537952,-0.46654780684179,0.6332029746814,-0.192467983241925,"4",1532.28500401926,0.694212615905879,-0.266107608629597,0.447875236796795,0.553580686458565,0.496076624351038,0.558074571536315,0.563618686326592,0.559638857841492,0.197883394146309
"diego schwartzman",0.553921568627451,-1.11382872502422,-0.692111468539935,1.37638064684004,-0.109766251701977,-0.251620477537952,-0.46654780684179,0.6332029746814,-0.192467983241925,"3",1525.2639826894,0.357166743315332,-0.425707221210148,0.0494672044084706,0.0344859956377879,-0.0376697448862666,0.542011998844971,0.540531590995288,0.522347211837769,-0.178337203277775
"dominic stricker",0.561330561330561,-0.0382151302631089,0.938556419259887,0.0791412049720676,-0.109766251701977,-0.251620477537952,-0.46654780684179,0.6332029746814,-0.192467983241925,"3",1547.7866511858,1.4383730379249,0.0862708796134461,0.150356444115894,0.151813469442535,0.228265215664868,0.552630013792466,0.547857587796677,0.563922166824341,0.11129722634556
"dominic thiem",0.552173913043478,0.303528236347023,-0.0335234431330563,-0.256622076197979,-0.109766251701977,-0.251620477537952,-0.46654780684179,0.6332029746814,-0.192467983241925,"3",1500,-0.855637019926784,-1,0.080122844384841,0.1618080526196,0.312056674343159,0.550887716183815,0.554653775763259,0.593240857124329,0.0950540865867867
"dominik koepfer",0.475490196078431,-0.306274011727197,-2.99084259432677,0.91473435178161,-0.109766251701977,-0.251620477537952,2.13056831791084,-1.5698157080643,-0.192467983241925,"2",1500,-0.855637019926784,-1,-0.526205256609542,-0.694033460872234,-0.935215795011197,0.53250416456132,0.515490581527478,0.457437068223953,-0.410559755763835
"dusan lajovic",0.543434343434343,-0.687544643837062,-0.350927672071932,-0.018608722454015,-0.109766251701977,-0.251620477537952,-0.46654780684179,0.6332029746814,-0.192467983241925,"3",1508.46660281028,-0.449195649362889,-0.807539891290972,-0.0296373292751664,-0.00262015851243043,-0.10335033516806,0.54029550467705,0.54335024868637,0.524298489093781,-0.170737646729113
"egor gerasimov",0.49438202247191,1.61186281375751,-1.49238986031614,-2.16175690639718,-0.109766251701977,-0.251620477537952,-0.46654780684179,0.6332029746814,-0.192467983241925,"4",1500,-0.855637019926784,-1,-0.210258447335526,-0.135900793651572,-0.144317258238188,0.571845091839192,0.56065289819489,0.585518062114716,0.149488022921925
"emil ruusuvuori",0.464566929133858,0.813954624996505,0.906214761211959,-0.446475688122559,-0.109766251701977,3.95044149734585,-0.46654780684179,-1.5698157080643,-0.192467983241925,"1",1500,-0.855637019926784,-1,-0.55359770580527,-0.498307588873007,-0.483593246333827,0.542211034681912,0.542393918249372,0.561218500137329,0.3795083012954
"fabian marozsan",0.552106430155211,-0.00672237144421138,-1.5198999921912,0.852331613768703,-0.109766251701977,-0.251620477537952,-0.46654780684179,0.6332029746814,-0.192467983241925,"3",1517.76149272295,-0.00299215074590885,-0.596251424934735,0.0260220285783387,0.0668080316621275,0.134800092861996,0.539676473895334,0.544981501171976,0.558654367923737,0.00243894211970576
"fabio fognini",0.521850899742931,-0.409498556780597,-0.911708438685269,1.00706901020163,-0.109766251701977,3.95044149734585,-0.46654780684179,-1.5698157080643,-0.192467983241925,"1",1508.14660017695,-0.464557455247759,-0.814814088862118,-0.158438234704985,-0.177739817888986,-0.160444580758677,0.543868898164896,0.539052671301054,0.543591558933258,0.0508368494276569
"facundo bagnis",0.54639175257732,0.334487137336136,-1.4573760783333,0.540821922057017,-0.109766251701977,-0.251620477537952,-0.46654780684179,0.6332029746814,-0.192467983241925,"3",1512.09710282846,-0.27491259436582,-0.725012525377555,0.054053395062987,0.09388406579366,0.0551300597513047,0.553608078587414,0.551353974620089,0.551132261753082,0.0685510590050307
"facundo diaz acosta",0.572463768115942,-0.667184894319301,-0.984554122802007,-0.653611899961752,-0.109766251701977,-0.251620477537952,-0.46654780684179,0.6332029746814,-0.192467983241925,"3",1521.97617038688,0.199334497214088,-0.50044471951228,0.0739214727828159,0.151338264627349,0.154579284586658,0.520927570348366,0.540788457999422,0.53379088640213,-0.274656648953163
"federico coria",0.50530035335689,-0.0778962207609723,-0.164761848616094,0.131633000154854,-0.109766251701977,-0.251620477537952,-0.46654780684179,0.6332029746814,-0.192467983241925,"3",1508.99008705366,-0.424065658253488,-0.795640214803655,-0.276211382651944,-0.180339493468587,-0.254090804433468,0.542636860335156,0.549223502216289,0.548629224300385,0.0201912320133367
"federico delbonis",0.46875,0.123726198418296,-2.0252748005489,-1.33889955120323,-0.109766251701977,-0.251620477537952,-0.46654780684179,0.6332029746814,-0.192467983241925,"3",1500,-0.855637019926784,-1,-0.624621348765463,-0.484382781265604,-0.669637592517331,0.521458184911899,0.541180067770072,0.518913149833679,-0.209828471639847
"feliciano lopez",0.595238095238095,2.23141916594452,-0.378202058302542,-0.725037521067555,-0.109766251701977,-0.251620477537952,-0.46654780684179,0.6332029746814,-0.192467983241925,"4",1500,-0.855637019926784,-1,0.540038231197722,0.496326387438979,0.482561419731945,0.58616771775195,0.561706047027596,0.565818428993225,0.536995365137132
"filip krajinovic",0.480769230769231,0.0869089051270034,-0.536331178993054,-0.944703451472963,-0.109766251701977,-0.251620477537952,-0.46654780684179,0.6332029746814,-0.192467983241925,"3",1500,-0.855637019926784,-1,-0.448390240611994,-0.330553372925387,-0.320949809097879,0.541308935626413,0.549331612093063,0.570172250270844,-0.0668271098040455
"flavio cobolli",0.553191489361702,-1.03823827282762,0.936976770579212,0.465457698308129,-0.109766251701977,-0.251620477537952,2.13056831791084,-1.5698157080643,-0.192467983241925,"2",1535.78945760486,0.862444780603355,-0.186445489930632,-0.0865213451653857,-0.0922597350136462,0.0734071991947296,0.514623037157573,0.528030787150275,0.545110821723938,-0.343505941161408
"frances tiafoe",0.581799053129932,0.0229806001525902,2.17626760571726,0.292316572316529,-0.109766251701977,-0.251620477537952,-0.46654780684179,0.6332029746814,-0.192467983241925,"3",1557.21465721968,1.8909668089993,0.300585299085947,0.341149857271019,0.260038971997459,0.344026205455415,0.56358761704874,0.546017561552592,0.557681441307068,0.243741664489668
"francisco cerundolo",0.556701030927835,-0.772556964805617,-0.436704406519846,0.352815690594611,-0.109766251701977,-0.251620477537952,2.13056831791084,-1.5698157080643,-0.192467983241925,"2",1509.2275371792,-0.412666806007107,-0.790242574451609,-0.0669937414997714,-0.0425475224889344,0.023239663127062,0.513746088743699,0.530901328064953,0.530341565608978,-0.389961832191595
"gabriel diallo",0.546938775510204,1.4732764135932,-0.182646866665385,0.475796998047842,-0.109766251701977,-0.251620477537952,-0.46654780684179,0.6332029746814,-0.192467983241925,"4",1516.95692159481,-0.0416157875652368,-0.614540678636131,0.124503431169994,0.249886224666502,0.1775297625606,0.567558697642664,0.566962014099374,0.574308693408966,0.4642682180097
"gael monfils",0.587479935794542,0.610672948226001,-0.489088927073532,-0.0803677834368319,-0.109766251701977,-0.251620477537952,-0.46654780684179,0.6332029746814,-0.192467983241925,"4",1525.70349240726,0.37826551647229,-0.415716426794261,0.307013184987244,0.457466940989431,0.479442766226374,0.548427802217762,0.562624477898054,0.57615852355957,0.158198902881376
"gianluca mager",0.580882352941177,1.03354794084566,1.40197425804568,0.0766131261401393,-0.109766251701977,-0.251620477537952,-0.46654780684179,0.6332029746814,-0.192467983241925,"4",1500,-0.855637019926784,-1,0.350932872804405,0.438144905253275,0.480340366021089,0.5669272292985,0.564808977685432,0.585646331310272,0.432214588528387
"grigor dimitrov",0.596846846846847,0.614100311283199,1.23694268313812,0.247161074580614,-0.109766251701977,-0.251620477537952,-0.46654780684179,0.6332029746814,-0.192467983241925,"4",1538.21063727386,0.978674111906767,-0.131408007632024,0.401278224406832,0.544431034798956,0.483136472703119,0.554895406909663,0.565610823151125,0.563660264015198,0.323966144690512
"guido pella",0.543726235741445,0.0113708343223998,-0.210813950038126,-1.11817883922228,-0.109766251701977,-0.251620477537952,-0.46654780684179,0.6332029746814,-0.192467983241925,"4",1513.85329932333,-0.190605945483425,-0.685091228029581,-0.0429150855181248,0.0716158484561912,-0.00291812538268573,0.537108209189706,0.550757656241624,0.543536901473999,-0.0781500622796316
"hamad medjedovic",0.578512396694215,1.25483537798499,0.0820749663618941,-0.322816677566431,-0.109766251701977,-0.251620477537952,-0.46654780684179,0.6332029746814,-0.192467983241925,"4",1500,-0.855637019926784,-1,0.353298940866457,0.360903088516454,0.203769864074199,0.570769827605801,0.558404606910883,0.534878075122833,0.350914577539636
"henri laaksonen",0.549450549450549,-0.545468407320195,2.7581815317977,1.13385999788077,-0.109766251701977,-0.251620477537952,-0.46654780684179,0.6332029746814,-0.192467983241925,"3",1535.74126754875,0.860131404991938,-0.18754093088203,0.172456356563894,0.06577287573233,0.0162277430116056,0.574031960101713,0.54655042749713,0.539203345775604,0.21737330810389
"holger rune",0.523545706371191,0.155608417909551,-1.21926827359756,0.0219565040957043,-0.109766251701977,-0.251620477537952,2.13056831791084,-1.5698157080643,-0.192467983241925,"2",1509.3795671572,-0.405368569157043,-0.786786677588554,-0.132739197125253,-0.259271318107634,-0.174323664279806,0.546845456257153,0.529646416207669,0.538483858108521,-0.234981231420981
"hubert hurkacz",0.56312625250501,0.341701945695055,0.806696661552753,0.133339772256689,-0.109766251701977,-0.251620477537952,-0.46654780684179,0.6332029746814,-0.192467983241925,"4",1516.69489045261,-0.0541946576213994,-0.620497086801685,0.186367786420129,0.253506866317036,0.371774018947387,0.55761922682871,0.557124537959565,0.589466333389282,0.207326003650204
"hugo dellien",0.493333333333333,-0.578813649827088,-0.713388289001791,0.28674672842619,-0.109766251701977,-0.251620477537952,-0.46654780684179,0.6332029746814,-0.192467983241925,"3",1500,-0.855637019926784,-1,-0.372810349473543,-0.306184467718991,-0.405770197039285,0.539354741713501,0.543900759674423,0.535842776298523,-0.140937355187979
"hugo gaston",0.449275362318841,-1.79938559920943,0.531308088973049,0.776766478550034,-0.109766251701977,-0.251620477537952,2.13056831791084,-1.5698157080643,-0.192467983241925,"2",1500,-0.855637019926784,-1,-0.778415952367869,-0.80387480665515,-0.833750228826988,0.516828946747772,0.520788978929953,0.514290690422058,-0.547996745397165
"ilya ivashka",0.563342318059299,0.207720831259788,1.36998474589574,0.636333550602028,-0.109766251701977,-0.251620477537952,2.13056831791084,-1.5698157080643,-0.192467983241925,"2",1544.22818185282,1.26754783385964,0.00538089221125859,0.167990433903826,-0.0957188342782974,-0.00451987119976228,0.553473285028534,0.52127600216943,0.515536308288574,0.0378593004464284
"jack draper",0.591143151390319,-0.134639696105702,1.39079148553497,-0.0428111771115302,-0.109766251701977,-0.251620477537952,-0.46654780684179,0.6332029746814,-0.192467983241925,"3",1565.40703994429,2.28424417624927,0.486811924462978,0.356061931835136,0.323408645036199,0.387899848670729,0.553503403574391,0.546605495467499,0.553076922893524,0.10912443567695
"jakub mensik",0.517006802721088,-0.0474843849805401,2.87821018509992,0.851040792214037,-0.109766251701977,-0.251620477537952,2.13056831791084,-1.5698157080643,-0.192467983241925,"2",1521.1309330643,0.158758669631376,-0.519658384146599,-0.125042641205636,-0.328161554027806,-0.371157995757626,0.557691680917499,0.526725002943838,0.509200930595398,0.107212037894961
"james duckworth",0.520661157024793,-0.376809148072741,0.606764750800965,-0.769947277326826,-0.109766251701977,-0.251620477537952,2.13056831791084,-1.5698157080643,-0.192467983241925,"2",1506.478665168,-0.544627089579027,-0.852729054325176,-0.178511002537607,-0.286821001206832,-0.22617242465402,0.541354659524957,0.528648128706127,0.532410621643066,-0.310234303871938
"jannik sinner",0.594379963347587,0.332769504560209,0.979346535002493,0.964758670388939,-0.109766251701977,-0.251620477537952,-0.46654780684179,0.6332029746814,-0.192467983241925,"3",1568.31495322571,2.42383927549576,0.552913679653281,0.443505431864566,0.340773641742034,0.484356704085876,0.5672055522719,0.546340148618227,0.567380905151367,0.297181224507515
"jason kubler",0.559055118110236,-0.326468963173025,0.424417610315854,-0.0334423126099867,-0.109766251701977,-0.251620477537952,-0.46654780684179,0.6332029746814,-0.192467983241925,"3",1517.55041385063,-0.0131250444324967,-0.601049602388355,0.0978418903502608,0.0874751559967092,0.093556849479282,0.544869540740982,0.542713147127376,0.540777027606964,-0.0159481856534977
"jaume munar",0.49171270718232,-0.557429904498787,1.12892675554291,0.916998322792917,-0.109766251701977,-0.251620477537952,2.13056831791084,-1.5698157080643,-0.192467983241925,"2",1500,-0.855637019926784,-1,-0.386304299794591,-0.499676212167217,-0.622095725999444,0.538824138543137,0.525135993025966,0.495804309844971,-0.157843374380832
"jenson brooksby",0.521594684385382,-0.938054855754567,-0.480129659576122,0.379580221548377,-0.109766251701977,-0.251620477537952,-0.46654780684179,0.6332029746814,-0.192467983241925,"3",1530.24563383454,0.596312143716658,-0.312465919778045,-0.188284330141114,-0.176473935070332,-0.292958999507533,0.537993299689968,0.539343690064722,0.518025636672974,-0.209659480152463
"jeremy chardy",0.533980582524272,2.1910722735356,-1.47561094393258,0.218661375180147,-0.109766251701977,-0.251620477537952,-0.46654780684179,0.6332029746814,-0.192467983241925,"4",1500,-0.855637019926784,-1,0.138825399485006,0.146135769825554,0.148806371374915,0.58885830482853,0.564523714433999,0.586978614330292,0.53068992956331
"jiri lehecka",0.497959183673469,0.915263209040207,-0.202040640210601,1.17997055395675,-0.109766251701977,-0.251620477537952,-0.46654780684179,0.6332029746814,-0.192467983241925,"4",1500,-0.855637019926784,-1,-0.179370549239553,-0.0968968329432124,-0.192682794223104,0.573246813052015,0.562385758446179,0.571005940437317,0.381039124980199
"jiri vesely",0.573770491803279,2.46773623344647,-1.52667792568354,0.536770705949512,-0.109766251701977,-0.251620477537952,-0.46654780684179,0.6332029746814,-0.192467983241925,"4",1500,-0.855637019926784,-1,0.443134401018611,0.352159349469596,0.308285823287657,0.596243658120581,0.560500677823645,0.562020480632782,0.630530508128239
"joao sousa",0.48951048951049,-1.55812100476196,0.110076390162571,1.32310549492279,-0.109766251701977,-0.251620477537952,-0.46654780684179,-1.5698157080643,5.16455755032498,"2",1515.26122943533,-0.123017910801339,-0.653086610772493,-0.634356802996474,-0.615440880802725,-0.631545271139614,0.490094567956989,0.51468644905545,0.497063755989075,-0.288911934885489
"john isner",0.608040201005025,2.09305963691293,-1.88061316556305,-0.607005806609022,-0.109766251701977,-0.251620477537952,-0.46654780684179,0.6332029746814,-0.192467983241925,"4",1500,-0.855637019926784,-1,0.481567320418018,0.521336618004168,0.318788746601139,0.555861893236585,0.556190693975997,0.515705347061157,0.394907425693724
"john millman",0.592592592592593,-2.04287496132834,1.6257065394672,-0.4438687201642,-0.109766251701977,-0.251620477537952,2.13056831791084,-1.5698157080643,-0.192467983241925,"3",1500,-0.855637019926784,-1,0.0201167969153412,0.229242405213731,0.252081773187958,0.481246260710255,0.536061921037925,0.524457156658173,-0.643727763425695
"jordan thompson",0.554521276595745,-0.3125242913744,0.800699000049912,0.0957968921656292,-0.109766251701977,-0.251620477537952,-0.46654780684179,0.6332029746814,-0.192467983241925,"3",1527.69941706324,0.474080375264513,-0.370345705517765,0.0826573139004519,0.0940091800846361,0.0562771112363358,0.548101202981387,0.546240338942297,0.539882242679596,0.0291871082543306
"juncheng shang",0.555555555555556,-1.69677426738266,0.982060413155605,-0.107884958690769,-0.109766251701977,-0.251620477537952,-0.46654780684179,0.6332029746814,-0.192467983241925,"3",1532.87532287263,0.722551019065678,-0.252688669152033,0.0653002134355011,0.0539707541107884,-0.0243762555933195,0.543012568779589,0.541493745849128,0.522641897201538,-0.344470852215688
"kamil majchrzak",0.485148514851485,0.287678016473716,-0.833726827813991,-0.92018192944502,-0.109766251701977,-0.251620477537952,-0.46654780684179,0.6332029746814,-0.192467983241925,"4",1500,-0.855637019926784,-1,-0.402833975109677,-0.170584906780423,-0.227754070659628,0.544643027761942,0.56292865010502,0.582225620746613,-0.034122142339603
"karen khachanov",0.578300921187308,0.704781251823638,-0.709396360018357,0.519975845861055,-0.109766251701977,-0.251620477537952,-0.46654780684179,0.6332029746814,-0.192467983241925,"4",1549.03503753397,1.49830213460218,0.11464879902982,0.263298494596558,0.438398196491941,0.289796773244368,0.552259312598512,0.566462715266739,0.552008450031281,0.223102435845128
"kei nishikori",0.518207282913165,-1.22521061767708,-1.28333969081132,-0.205103178443229,-0.109766251701977,-0.251620477537952,-0.46654780684179,0.6332029746814,-0.192467983241925,"3",1537.30529643823,0.935213000253497,-0.15198792611276,-0.284527549942172,-0.0963441566255991,-0.289957289645688,0.522664832290381,0.549673943572741,0.523394107818604,-0.403792662138844
"kevin anderson",0.550420168067227,2.28929360047246,-0.201182386229505,-2.39017080133372,-0.109766251701977,-0.251620477537952,-0.46654780684179,0.6332029746814,-0.192467983241925,"4",1514.73498014446,-0.148280638702054,-0.665049141435433,0.250809499692285,0.149725919349788,0.258494563869085,0.589037242305014,0.554524141960985,0.585236310958862,0.408202759105209
"laslo djere",0.535580524344569,-0.146379265520494,-0.129203514418199,0.0749004280663559,-0.109766251701977,-0.251620477537952,-0.46654780684179,0.6332029746814,-0.192467983241925,"3",1507.63597329542,-0.489070225508215,-0.826421495909638,-0.0481317241870434,-0.0449888601929617,-0.0785537184952176,0.547525681641592,0.543970140844716,0.540235459804535,-0.000658674729344094
"lloyd harris",0.577603143418468,1.39970772586292,-0.258416161344203,-1.18439955792904,-0.109766251701977,-0.251620477537952,-0.46654780684179,0.6332029746814,-0.192467983241925,"4",1542.47774171809,1.18351752047501,-0.0344095533982079,0.285644982049781,0.396631495826761,0.301641164115773,0.557915297408807,0.562631611283536,0.555310785770416,0.281367069877771
"lorenzo musetti",0.539007092198582,0.0521682691040309,0.0363208406808803,0.479247060032301,-0.109766251701977,-0.251620477537952,-0.46654780684179,0.6332029746814,-0.192467983241925,"3",1512.52016214074,-0.254603527014245,-0.715395676322942,-0.00524502026256885,-0.00718101886042902,0.0314075017850176,0.551647791880979,0.54567564761187,0.55691385269165,0.10335983310381
"lorenzo sonego",0.533333333333333,0.717049646430447,0.260856794527072,0.807035144823495,-0.109766251701977,-0.251620477537952,-0.46654780684179,-1.5698157080643,5.16455755032498,"2",1500,-0.855637019926784,-1,0.00209558738451406,-0.357880137430725,-0.143116225037565,0.561197409379304,0.513390526771492,0.53077507019043,0.279339159394752
"luca nardi",0.576271186440678,-1.42702690618947,-1.03326739320171,-3.75545414778787,-0.109766251701977,-0.251620477537952,2.13056831791084,-1.5698157080643,-0.192467983241925,"2",1500,-0.855637019926784,-1,0.178177184990892,-0.0229535845001502,0.113989757280895,0.537337204640732,0.520564205344002,0.520475208759308,-1
"luca van assche",0.532786885245902,-0.446947923726137,1.14746068080977,1.66831885190914,9.05571576541314,-0.251620477537952,-0.46654780684179,-1.5698157080643,-0.192467983241925,"2",1500,-0.855637019926784,-1,-0.699011487863939,-0.345207776952395,-0.0591554324431653,0.415444404196212,0.515031006213008,0.547973990440369,-0.214463995676145
"luciano darderi",0.555555555555556,-1.03208788465999,0.962605232820146,-3.92095991888288,-0.109766251701977,-0.251620477537952,2.13056831791084,-1.5698157080643,-0.192467983241925,"2",1500,-0.855637019926784,-1,0.0932138902805469,-0.048879930807899,0.121592043932977,0.548846272863869,0.530976097573417,0.551201820373535,-0.755878576807096
"mackenzie mcdonald",0.536643026004728,-0.149527433176227,-0.879422611319977,0.344864293172193,-0.109766251701977,-0.251620477537952,-0.46654780684179,0.6332029746814,-0.192467983241925,"3",1513.13614024808,-0.225033344994934,-0.701393458886054,-0.0860748333649342,-0.0428646710977199,-0.00678527309610059,0.538094888122926,0.543517355958167,0.552777886390686,-0.034047014690798
"marco cecchinato",0.453125,0.271489563439729,-2.6708797261163,0.964648283117743,9.05571576541314,-0.251620477537952,-0.46654780684179,-1.5698157080643,-0.192467983241925,"2",1500,-0.855637019926784,-1,-0.528661280415533,-0.79949722926583,-0.927361009775131,0.563586893088717,0.518809076954831,0.490541368722916,-0.385973948839484
"marcos giron",0.508241758241758,-0.782868761888794,1.91991703898124,0.335538709941603,-0.109766251701977,-0.251620477537952,-0.46654780684179,0.6332029746814,-0.192467983241925,"3",1500,-0.855637019926784,-1,-0.16361764395711,-0.180205978437948,-0.256943035098887,0.562012510572151,0.547382323020983,0.543919503688812,0.0135037731689609
"mariano navone",0.505154639175258,-1.00569324668614,-0.979222994665129,0.662351736045518,-0.109766251701977,-0.251620477537952,-0.46654780684179,0.6332029746814,-0.192467983241925,"3",1518.12270995446,0.014348172159954,-0.588040350292206,-0.330020022170357,-0.265610729072369,-0.276098810785944,0.531597200034132,0.540595438390084,0.544528841972351,-0.239530399352093
"marin cilic",0.605263157894737,0.660171458387413,1.11660473546039,0.164996914191208,-0.109766251701977,-0.251620477537952,-0.46654780684179,0.6332029746814,-0.192467983241925,"4",1537.8784517084,0.962727461339469,-0.138959143722006,0.461648148832768,0.559635665459742,0.589932967024216,0.555622183942981,0.5618583927242,0.572676658630371,0.319107151175415
"marton fucsovics",0.540856031128405,0.257003204104606,-0.173704193189231,0.675756038494596,-0.109766251701977,-0.251620477537952,-0.46654780684179,0.6332029746814,-0.192467983241925,"3",1507.0071014528,-0.519259374491751,-0.840716809615384,0.00715316732471674,0.0291297196998184,0.0180517512007979,0.551626845990371,0.548222902172665,0.551690995693207,0.160230216328995
"matteo arnaldi",0.530701754385965,-0.690550255126591,-0.646880246590217,0.509568312020537,-0.109766251701977,-0.251620477537952,-0.46654780684179,0.6332029746814,-0.192467983241925,"3",1525.60919275235,0.373738638119094,-0.417860016406608,-0.122177565830655,-0.0618892437845191,-0.226865153693766,0.5389431671063,0.545318408709445,0.518103241920471,-0.144387387502785
"matteo berrettini",0.558044806517312,1.78502056528218,0.176743884831412,0.379047279986442,-0.109766251701977,-0.251620477537952,-0.46654780684179,0.6332029746814,-0.192467983241925,"4",1539.88753209843,1.0591738644123,-0.0932893705041876,0.24241371802362,0.27421961441552,0.0527531202351305,0.576511034173942,0.56244698117085,0.534219443798065,0.565917383298019
"mattia bellucci",0.654320987654321,0.314993699625589,-0.419595980920991,-1.64250357349743,-0.109766251701977,-0.251620477537952,-0.46654780684179,0.6332029746814,-0.192467983241925,"4",1518.12270995446,0.014348172159954,-0.588040350292206,0.695875423693387,0.704791290632761,0.845664946156827,0.535268012590312,0.54576662172652,0.553469896316528,-0.0632541810406976
"max purcell",0.552795031055901,-0.146840773368856,-0.099900780453525,0.301859255252381,-0.109766251701977,-0.251620477537952,-0.46654780684179,0.6332029746814,-0.192467983241925,"3",1500,-0.855637019926784,-1,0.0743830633848014,0.0954180394088753,0.0462826169075932,0.548810681332138,0.547472971061158,0.540363252162933,0.0230140647659514
"maximilian marterer",0.461538461538462,1.19152654223706,-2.05653082530217,0.889351821415649,-0.109766251701977,-0.251620477537952,-0.46654780684179,0.6332029746814,-0.192467983241925,"3",1500,-0.855637019926784,-1,-0.455125128349001,-0.517867639750086,-0.479397468672319,0.567069317307049,0.542303415200967,0.566313982009888,0.283250809267094
"michael mmoh",0.585139318885449,0.958681699636798,-0.583641732331938,0.312563973921272,-0.109766251701977,-0.251620477537952,2.13056831791084,-1.5698157080643,-0.192467983241925,"2",1536.95462660699,0.918379007916971,-0.159959240623878,0.304910878864764,0.0990182445276276,0.234029781255872,0.551295102436302,0.52744501516842,0.53144508600235,0.0555768795308504
"mikael ymer",0.517241379310345,-1.68986418801044,-0.169966939017821,0.373609153016409,-0.109766251701977,3.95044149734585,-0.46654780684179,-1.5698157080643,-0.192467983241925,"1",1500,-0.855637019926784,-1,0.243339159473103,-0.33081919082018,-0.33217831078854,0.634348726492174,0.526305306841786,0.516496539115906,-0.292494883810423
"mikhail kukushkin",0.564102564102564,-0.246505867229052,0.0706814986343038,0.34279585929955,-0.109766251701977,-0.251620477537952,-0.46654780684179,0.6332029746814,-0.192467983241925,"3",1500,-0.855637019926784,-1,0.141495302666281,0.138502890696473,0.182158445524042,0.546862020579986,0.544748421609049,0.550988435745239,0.0135945222945734
"miomir kecmanovic",0.548543689320388,-0.321840537770228,-0.276522282355625,0.349964853383576,-0.109766251701977,-0.251620477537952,-0.46654780684179,0.6332029746814,-0.192467983241925,"3",1500,-0.855637019926784,-1,0.0185493308271362,0.0278253610303595,0.0622498484263811,0.543147944067572,0.543241724673877,0.549487948417664,-0.0326883601578176
"nick kyrgios",0.597254004576659,2.13501185028376,-0.850536617685799,-2.83542162349364,-0.109766251701977,-0.251620477537952,-0.46654780684179,0.6332029746814,-0.192467983241925,"4",1569.59530837015,2.48530304217688,0.582018303527331,0.411463206476479,0.496688035780972,0.35663126438389,0.55644877083074,0.560471809097299,0.538333773612976,0.27458173525809
"nicolas jarry",0.541044776119403,0.803619864663899,-0.0192936499418615,-0.505989607202452,-0.109766251701977,-0.251620477537952,-0.46654780684179,0.6332029746814,-0.192467983241925,"4",1535.17634522368,0.833012168480117,-0.200382564596456,0.0507356352729537,0.223203673656176,0.0819618623163035,0.560468538647724,0.567950142180159,0.56392914056778,0.205600427037028
"nikoloz basilashvili",0.523809523809524,0.295504934359363,0.756485338614273,-0.874900607163719,-0.109766251701977,3.95044149734585,-0.46654780684179,-1.5698157080643,-0.192467983241925,"1",1500,-0.855637019926784,-1,-0.492749719554515,-0.287641970444324,-0.308211835305993,0.471233834649224,0.526578833719168,0.511915147304535,0.189292955774204
"norbert gombos",0.477777777777778,-0.137036880047065,1.69166486080159,-2.90151783646641,-0.109766251701977,-0.251620477537952,-0.46654780684179,0.6332029746814,-0.192467983241925,"3",1500,-0.855637019926784,-1,-0.423802483004234,-0.430280270998197,-0.401050996826252,0.550673672519086,0.541019799090494,0.558722078800201,-0.139303440039449
"novak djokovic",0.609351432880845,0.405129700412193,0.630003688577661,-0.17350792675115,-0.109766251701977,-0.251620477537952,-0.46654780684179,0.6332029746814,-0.192467983241925,"3",1587.98293700519,3.36800572131657,1,0.457352209086713,0.45772182344206,0.580632254276296,0.548948737175374,0.548858505092593,0.565086483955383,0.181409501469589
"nuno borges",0.575117370892019,-0.119695772883087,0.286099045605526,0.421189317888199,-0.109766251701977,-0.251620477537952,-0.46654780684179,0.6332029746814,-0.192467983241925,"3",1542.37793142598,1.17872610261483,-0.0366784090537262,0.232955954650773,0.200936843099717,0.241297359903963,0.55041549977635,0.544187128511079,0.547012567520142,0.0714760157921563
"oscar otte",0.5,-2.93754525517792,0.17526232476934,0.0587339021828298,-0.109766251701977,-0.251620477537952,-0.46654780684179,0.6332029746814,-0.192467983241925,"3",1500,-0.855637019926784,-1,-0.374369261449848,-0.294444998006729,-0.369153995255227,0.529610733877897,0.540897292721507,0.533597350120544,-0.721422551016823
"pablo andujar",0.544776119402985,-0.404568583921476,-1.28309150382688,0.776805397773611,-0.109766251701977,3.95044149734585,-0.46654780684179,-1.5698157080643,-0.192467983241925,"1",1534.42166998361,0.796783796159126,-0.217537600919593,-0.121912419499349,-0.124171607462059,-0.0708603841035538,0.519115282655874,0.530074119293861,0.528761565685272,0.00152359811624575
"pablo carreno busta",0.565995525727069,-0.0844374721670491,0.0435497950096001,0.557550777797964,-0.109766251701977,-0.251620477537952,-0.46654780684179,0.6332029746814,-0.192467983241925,"3",1553.20485453441,1.69847523527013,0.209435746189574,0.177998876015786,0.153901171235854,0.191661525505613,0.55181668839838,0.545129379856332,0.550175964832306,0.074990516620944
"pavel kotov",0.514184397163121,-1.63770150638623,1.03616202935519,-0.307165860452832,-0.109766251701977,-0.251620477537952,-0.46654780684179,0.6332029746814,-0.192467983241925,"3",1500,-0.855637019926784,-1,-0.213808804070436,-0.171269422191539,-0.142200475517504,0.543127662801564,0.544548794034872,0.557982087135315,-0.343455015770055
"pedro cachin",0.534090909090909,0.751282466068612,-0.364369007440074,0.128541946018924,-0.109766251701977,-0.251620477537952,-0.46654780684179,0.6332029746814,-0.192467983241925,"3",1500,-0.855637019926784,-1,-0.0698107735238687,-0.0201042144081933,0.04736053040774,0.545099384156939,0.547454220544564,0.56697416305542,0.225100324149509
"pedro martinez",0.519108280254777,-0.55761800243725,-0.738446316328823,0.0341041167511584,-0.109766251701977,-0.251620477537952,2.13056831791084,-1.5698157080643,-0.192467983241925,"2",1513.28339949291,-0.21796412837541,-0.698046008804401,-0.257523673549274,-0.262924634914126,-0.24481815691889,0.527035529121067,0.532071037966575,0.530954241752625,-0.386373954183292
"peter gojowczyk",0.548500881834215,-0.0939984347056477,0.538789397560145,0.655612704914774,-0.109766251701977,-0.251620477537952,-0.46654780684179,0.6332029746814,-0.192467983241925,"3",1540.35984633042,1.08184742641685,-0.0825528743592173,0.0770546860635821,0.0440827169984336,0.134919707141793,0.555435505635337,0.544931217736727,0.563766837120056,0.120134364464251
"philipp kohlschreiber",0.463768115942029,-0.96066323492898,0.436848546264361,0.28915657316204,-0.109766251701977,-0.251620477537952,-0.46654780684179,0.6332029746814,-0.192467983241925,"3",1500,-0.855637019926784,-1,-0.538975582627549,-0.478537731535034,-0.624971015686602,0.546395433666648,0.544919337140646,0.534684240818024,-0.153172474272368
"quentin halys",0.537444933920705,0.948169926584713,-0.764618551876855,-0.370471700816936,-0.109766251701977,-0.251620477537952,-0.46654780684179,0.6332029746814,-0.192467983241925,"4",1500,-0.855637019926784,-1,0.0354578687005089,0.125897183043742,0.0284990393083583,0.562361234825952,0.560269489929932,0.558549702167511,0.199148865406916
"radu albot",0.516483516483517,-0.706622018351694,-0.312157550132448,-0.82733894450603,-0.109766251701977,-0.251620477537952,2.13056831791084,-1.5698157080643,-0.192467983241925,"2",1500,-0.855637019926784,-1,-0.253755545655719,-0.342891111438333,-0.303581919405083,0.531531119750797,0.525548719972764,0.523161351680756,-0.474682593266784
"rafael nadal",0.602316602316602,0.404580772944934,-1.74912851586468,-0.512161569789443,-0.109766251701977,-0.251620477537952,-0.46654780684179,0.6332029746814,-0.192467983241925,"3",1543.65958713978,1.24025230345121,-0.00754422105264896,0.276487832552445,0.362253285314614,0.453006811857592,0.521088056833426,0.54353188777629,0.5500448346138,-0.0352717441303031
"reilly opelka",0.558064516129032,1.8247042784834,0.198348333429357,-1.41350644330716,-0.109766251701977,-0.251620477537952,-0.46654780684179,0.6332029746814,-0.192467983241925,"4",1548.95147615421,1.49429074981434,0.112749308455648,0.262171060044373,0.324423469103169,-0.0209905703496205,0.580612294220659,0.567568465574085,0.519763052463531,0.408152355803558
"ricardas berankis",0.5,0.267453663280281,-0.538063604089592,2.14698777315049,-0.109766251701977,-0.251620477537952,2.13056831791084,-1.5698157080643,-0.192467983241925,"2",1500,-0.855637019926784,-1,-0.389892764424967,-0.535725101657718,-0.367259462253962,0.526366463221222,0.516223667376822,0.533968031406403,0.0491206360426447
"richard gasquet",0.538922155688623,-0.652528372430437,-1.25170376585847,-0.22092041290856,-0.109766251701977,-0.251620477537952,-0.46654780684179,0.6332029746814,-0.192467983241925,"3",1519.65861978012,0.0880799047794691,-0.553126539093388,-0.14338484102942,0.0455682890014497,-0.122552418472537,0.522897820679903,0.55112342268201,0.526910185813904,-0.2504287873389
"rinky hijikata",0.538152610441767,-1.15251633154551,0.180281385648324,0.947882922421345,-0.109766251701977,-0.251620477537952,-0.46654780684179,0.6332029746814,-0.192467983241925,"3",1540.54258660474,1.09061991866867,-0.078398880856806,-0.0133875767483884,-0.0536617482562998,-0.174899300037183,0.551153225000373,0.541461297373795,0.517754256725311,-0.161647533382475
"roberto bautista agut",0.574660633484163,-0.734263539320263,-1.54402515713733,-0.311003750620003,-0.109766251701977,-0.251620477537952,2.13056831791084,-1.5698157080643,-0.192467983241925,"2",1518.63948920198,0.0391562882776133,-0.576293089627657,0.127760966720442,0.0693254492578931,0.0597976058385855,0.52907595322192,0.531016387687932,0.512145280838013,-0.528559242740307
"roberto carballes baena",0.55,-0.435296569498194,-0.346012152084828,0.966457197463783,-0.109766251701977,-0.251620477537952,2.13056831791084,-1.5698157080643,-0.192467983241925,"2",1515.65978448916,-0.103885176462315,-0.644026784688153,-0.100372046996675,-0.159115266657279,-0.313818355568462,0.516237083980345,0.523206585698303,0.473851531744003,-0.234978398209152
"roman safiullin",0.591928251121076,0.65187435385901,-0.0458522583739178,1.65944433466548,-0.109766251701977,-0.251620477537952,2.13056831791084,-1.5698157080643,-0.192467983241925,"2",1517.96445168957,0.00675094485110856,-0.591637826581884,0.292394276362791,0.0937821059984194,0.351573000201228,0.539088308727529,0.522628499917124,0.544861137866974,0.143345431439465
"salvatore caruso",0.513888888888889,-0.71609795108758,-1.07666310494963,-0.408279965469588,-0.109766251701977,-0.251620477537952,2.13056831791084,-1.5698157080643,-0.192467983241925,"2",1500,-0.855637019926784,-1,-0.283814935572958,-0.31165036384264,-0.261624511058985,0.528914493103544,0.530379597407955,0.535032868385315,-0.496722615807001
"sam querrey",0.546511627906977,1.67135695329647,1.60179218957823,-1.49606550241238,-0.109766251701977,-0.251620477537952,-0.46654780684179,0.6332029746814,-0.192467983241925,"4",1500,-0.855637019926784,-1,0.182146743214786,0.182242012174163,0.246209410848738,0.580209069396869,0.560313983437072,0.588349342346191,0.468299132471411
"sebastian baez",0.521367521367521,-1.34588140998235,-0.918472243729636,-0.7995034146061,-0.109766251701977,-0.251620477537952,-0.46654780684179,0.6332029746814,-0.192467983241925,"3",1509.87400562675,-0.381632927633586,-0.775547260347279,-0.286969765549002,-0.204101493375701,-0.163101170517015,0.517689863338394,0.536661706751358,0.543754041194916,-0.463996236529329
"sebastian korda",0.569852941176471,0.287928710187638,-0.0820845895610272,0.0570891635661178,-0.109766251701977,-0.251620477537952,-0.46654780684179,0.6332029746814,-0.192467983241925,"3",1514.25678817262,-0.171236363067922,-0.675919248483886,0.168677072305996,0.168825188210924,0.298752946224171,0.54441902438302,0.544223066250687,0.565684735774994,0.116889802187453
"sebastian ofner",0.523809523809524,0.600733961661842,0.255253712796722,0.413466922408939,-0.109766251701977,-0.251620477537952,-0.46654780684179,0.6332029746814,-0.192467983241925,"4",1509.60430810874,-0.394579823964583,-0.78167793811724,-0.0972905031699252,0.107921686795678,-0.122883919630892,0.553881207067965,0.567029701117797,0.548176109790802,0.260085364843022
"stan wawrinka",0.547794117647059,0.0441758446151962,0.420439899487977,-0.424996845904783,-0.109766251701977,-0.251620477537952,-0.46654780684179,-1.5698157080643,5.16455755032498,"2",1524.01768530711,0.297337927964017,-0.454037654921832,-0.0236020523543607,-0.181821899439201,0.0236770898700503,0.535397632558009,0.522275591569908,0.542998850345612,-0.00420970023680917
"stefan kozlov",0.426229508196721,-2.76734882048467,0.562576887868919,0.826536472999046,-0.109766251701977,-0.251620477537952,2.13056831791084,-1.5698157080643,-0.192467983241925,"2",1500,-0.855637019926784,-1,-1,-1,-1,0.503077502203073,0.515265535029315,0.514290690422058,-0.798463299284268
"stefano travaglia",0.473684210526316,0.0737165835746577,0.225177579120055,0.870672620447831,-0.109766251701977,-0.251620477537952,2.13056831791084,-1.5698157080643,-0.192467983241925,"2",1500,-0.855637019926784,-1,-0.501855187976759,-0.644946515190055,-0.662404177145643,0.540144479530279,0.521649121957965,0.513364017009735,-0.0643196346487262
"stefanos tsitsipas",0.57753164556962,0.989365790587062,-0.628543399808529,0.542030866822504,-0.109766251701977,-0.251620477537952,-0.46654780684179,0.6332029746814,-0.192467983241925,"4",1517.89654582905,0.00349110715225521,-0.593181440897091,0.340483970021539,0.407903221217481,0.426619997321221,0.569477153406407,0.563829359085069,0.579864859580994,0.307199733254098
"steve johnson",0.525114155251142,0.476178640159415,-0.596750786949615,-1.63475780460978,-0.109766251701977,-0.251620477537952,-0.46654780684179,0.6332029746814,-0.192467983241925,"3",1500,-0.855637019926784,-1,-0.192343524960217,-0.150611457886913,-0.0756095412760978,0.532172897904916,0.539769063862229,0.555584311485291,-0.0333545212402027
"sumit nagal",0.555555555555556,-3.07623274753758,-0.221689533737385,-0.773602286209323,-0.109766251701977,-0.251620477537952,-0.46654780684179,0.6332029746814,-0.192467983241925,"3",1500,-0.855637019926784,-1,-0.179604831596627,0.000111532468236056,-0.0764303700048199,0.491829646178755,0.535986029978419,0.512457072734833,-0.868038568869858
"tallon griekspoor",0.577235772357724,0.51865848196533,-0.643820665864225,-0.744062689069391,-0.109766251701977,-0.251620477537952,-0.46654780684179,0.6332029746814,-0.192467983241925,"4",1508.02066669884,-0.470602923139451,-0.817676768431419,0.20347378896225,0.380362193498492,0.467819203119642,0.541261263515424,0.561199552749168,0.588343441486359,0.0587734342477179
"taro daniel",0.531007751937985,-0.540661119097184,0.0475602627432512,0.0311443859834531,-0.109766251701977,-0.251620477537952,-0.46654780684179,0.6332029746814,-0.192467983241925,"3",1500,-0.855637019926784,-1,-0.110815836356307,-0.0698849914456316,-0.12484822112802,0.540885372672501,0.544307792628143,0.537631809711456,-0.0960393737132117
"taylor fritz",0.573678290213723,0.908537053783148,1.06659476559222,0.165857080076693,-0.109766251701977,-0.251620477537952,-0.46654780684179,0.6332029746814,-0.192467983241925,"4",1551.2031779299,1.60238425276011,0.163934273457657,0.271137838456315,0.393220680741312,0.413059268545711,0.560428200025713,0.564757806128615,0.582650423049927,0.381411375702586
"tennys sandgren",0.515463917525773,0.897546581756671,0.281984697186606,-1.9492814529173,-0.109766251701977,-0.251620477537952,-0.46654780684179,-1.5698157080643,5.16455755032498,"4",1500,-0.855637019926784,-1,0.0823182620694633,-0.0968038855045485,-0.0865954030038213,0.60320790241597,0.551356881162308,0.567055702209473,0.0676120567069127
"thanasi kokkinakis",0.542635658914729,0.384466035819617,0.865200358592511,0.976761229264782,-0.109766251701977,-0.251620477537952,-0.46654780684179,0.6332029746814,-0.192467983241925,"3",1511.55078253245,-0.301138835853016,-0.737431303713659,0.0810749973927157,0.0899710035729954,0.271926199662663,0.564561698745377,0.553322390228241,0.598851799964905,0.303229824563151
"thiago monteiro",0.524390243902439,0.493448000929507,-0.466698491492803,0.362966151219832,-0.109766251701977,-0.251620477537952,-0.46654780684179,0.6332029746814,-0.192467983241925,"3",1510.9001595868,-0.332372151939039,-0.752221056540541,-0.131825070255632,-0.0265249247601466,-0.00933086713282048,0.545843395740257,0.552914812549954,0.569574058055878,0.170781250111312
"thiago seyboth wild",0.550561797752809,-0.0328076838723614,0.341426814479631,-1.76774171770274,-0.109766251701977,-0.251620477537952,-0.46654780684179,0.6332029746814,-0.192467983241925,"3",1500,-0.855637019926784,-1,0.0385838746777267,-0.102680271961387,-0.116596823742399,0.544483935975235,0.528623437199655,0.511646628379822,-0.10870350193191
"tim van rijthoven",0.587628865979381,1.27268405350987,-0.177183790957297,0.20925826202892,-0.109766251701977,-0.251620477537952,-0.46654780684179,0.6332029746814,-0.192467983241925,"4",1500,-0.855637019926784,-1,0.390547885255184,0.463725114377633,0.391421375925316,0.56567539497415,0.563170532560525,0.558726191520691,0.386028908752064
"tomas machac",0.624087591240876,-0.0128529195204303,-1.12535683849527,0.316822450283602,-0.109766251701977,-0.251620477537952,-0.46654780684179,0.6332029746814,-0.192467983241925,"3",1561.40772046744,2.09225585154339,0.395900672509236,0.518911241772367,0.502038320200394,0.520136118047545,0.540995780157563,0.544097834392622,0.532450497150421,-0.0193959053837952
"tommy paul",0.569795918367347,-0.459714891682394,1.45070935243001,0.84831171948017,-0.109766251701977,-0.251620477537952,-0.46654780684179,0.6332029746814,-0.192467983241925,"3",1533.64885559977,0.759684649736838,-0.235104970460591,0.247413832782851,0.199143048226677,0.150084863920146,0.56095484771128,0.547359369317736,0.536677062511444,0.111766269382349
"ugo humbert",0.511326860841424,-0.315187339964281,0.718602769808646,0.806780308805402,-0.109766251701977,-0.251620477537952,-0.46654780684179,0.6332029746814,-0.192467983241925,"3",1500,-0.855637019926784,-1,-0.177359380561823,-0.163965343567244,-0.131117877401594,0.554782191486112,0.547097664458814,0.56418377161026,0.089542451714274
"vasek pospisil",0.553990610328638,1.40432694763191,-1.3195307256837,1.65580635162604,-0.109766251701977,-0.251620477537952,-0.46654780684179,0.6332029746814,-0.192467983241925,"4",1515.92476114991,-0.0911649060567384,-0.638003419936507,0.13973794563802,0.161296072903651,0.141273276549447,0.560780223747654,0.553455821411264,0.55726146697998,0.469701743019151
"yannick hanfmann",0.471590909090909,0.841225383907745,0.0950005867587338,-0.123678559977873,-0.109766251701977,-0.251620477537952,-0.46654780684179,0.6332029746814,-0.192467983241925,"4",1500,-0.855637019926784,-1,-0.401908073229989,-0.205528990442668,-0.441258328660373,0.563989788398487,0.567904567936468,0.55958765745163,0.260725487930813
"yibing wu",0.524752475247525,0.110590970318027,-0.351076903230618,0.425999314430595,-0.109766251701977,3.95044149734585,-0.46654780684179,-1.5698157080643,-0.192467983241925,"1",1515.60036786723,-0.106737486153927,-0.645377424345129,-0.277616278216895,-0.253835926923584,-0.161474833777284,0.514862626265395,0.529441265206921,0.539294540882111,0.177601886468898
"yoshihito nishioka",0.489247311827957,-1.77588618729553,0.0629503852527641,-0.00721485084569007,-0.109766251701977,3.95044149734585,-0.46654780684179,-1.5698157080643,-0.192467983241925,"1",1500,-0.855637019926784,-1,0.0684265698422299,-0.515774199342415,-0.504461410406758,0.637341687820697,0.525044455187743,0.522300243377686,-0.333450249593239
"yosuke watanuki",0.539568345323741,-0.141457507183978,0.682449332183691,-0.650769148039122,-0.109766251701977,-0.251620477537952,2.13056831791084,-1.5698157080643,-0.192467983241925,"2",1500,-0.855637019926784,-1,0.009998947197235,-0.181925239102765,-0.0380554715231356,0.554040742240204,0.527452147565133,0.542530655860901,-0.230429412168934
"yunchaokete bu",0.428571428571429,-0.610042809871369,0.860064191598755,-1.7189629735057,-0.109766251701977,-0.251620477537952,-0.46654780684179,0.6332029746814,-0.192467983241925,"4",1500,-0.855637019926784,-1,-0.852719500808427,-0.61085760173524,-0.908322361746514,0.530549279885491,0.553582954702849,0.5289226770401,-0.21749871319473
"zizou bergs",0.552631578947368,-0.68423847141858,1.00850216205308,-0.487564827376156,-0.109766251701977,-0.251620477537952,-0.46654780684179,0.6332029746814,-0.192467983241925,"3",1516.53299855494,-0.0619663183742651,-0.624177161670223,0.0374518822178473,0.0483259681963235,0.135024202990184,0.541323314949479,0.542760344961274,0.557956993579865,-0.108956246619044
