"ServerName","win_rate","avg_speed","sd_speed","location_entropy","modal_locationWB_DNCTL","modal_locationWBC_DNCTL","modal_locationWBW_DNCTL","modal_locationWC_DNCTL","modal_locationWW_DCTL","overperf_lm","overperf_rf","overperf_xgb","pred_lm","pred_rf","pred_xgb","rf_weighted_baseline"
"ajla tomljanovic",0.557377049180328,0.478761099732643,0.237473936078054,0.0713130249268562,-0.284470366018268,-0.442011204872034,-0.832403644091255,1.44635946363524,-0.167260502306652,0.198540429330104,0.0316422979750694,-0.0570484703259142,0.529262397794903,0.551932468423986,0.566121816635132,0.0835640655087172
"aleksandra krunic",0.528455284552846,-0.559045259960189,0.385280085376229,-0.984866496182073,-0.284470366018268,-0.442011204872034,1.19311188986413,-0.686655502937942,-0.167260502306652,0.211028425748232,0.147364796377229,0.234737566874178,0.498572249433273,0.503098733800752,0.492473155260086,-0.297830245384881
"aliaksandra sasnovich",0.48,-0.976172664337475,-0.0277669290577504,-0.000567560737002382,-0.284470366018268,-0.442011204872034,-0.832403644091255,-0.686655502937942,5.93774783188613,-0.133432332499781,-0.248693949437551,-0.208728684811393,0.498894909839941,0.522791907603967,0.511995315551758,-0.431202053116639
"alison riske",0.46,0.0539252066370915,-0.596014255553267,-0.211144750428648,-0.284470366018268,-0.442011204872034,1.19311188986413,-0.686655502937942,-0.167260502306652,-0.402419252499767,-0.332847081844335,-0.554769990763579,0.516985255008204,0.517271845996838,0.545038819313049,-0.0227211641208822
"alison van uytvanck",0.496774193548387,0.251316760012819,1.39573977557456,-0.252342224279821,-0.284470366018268,-0.442011204872034,1.19311188986413,-0.686655502937942,-0.167260502306652,-0.112016951689728,-0.119671790578649,-0.169977125752166,0.512636542373968,0.517365704587656,0.522829413414001,0.00699701547618949
"aliz√© cornet",0.564327485380117,-0.574993652998169,-0.269314118023814,0.615309912578935,3.4912272193151,-0.442011204872034,-0.832403644091255,-0.686655502937942,-0.167260502306652,0.59247661958122,0.509444275190095,0.610861757867199,0.480428837282375,0.476669171204771,0.470690548419952,0.138710668079125
"alycia parks",0.464285714285714,2.06737340248524,0.816301929554208,-1.88399144730433,-0.284470366018268,-0.442011204872034,-0.832403644091255,1.44635946363524,-0.167260502306652,-0.476215612815971,-0.426421436052335,-0.43334969112123,0.531721027001578,0.537658575721109,0.530712425708771,-0.00650156471967906
"amanda anisimova",0.520833333333333,0.313193300953015,-0.856572294159762,0.534472052673623,-0.284470366018268,-0.442011204872034,-0.832403644091255,1.44635946363524,-0.167260502306652,-0.161535720439126,-0.0934569218993603,-0.170456032362391,0.543707870684557,0.536914142600761,0.546961963176727,0.145542723401771
"ana bogdan",0.512987012987013,-0.666824945198223,1.30304262190023,-2.16990490073632,-0.284470366018268,-0.442011204872034,1.19311188986413,-0.686655502937942,-0.167260502306652,0.249731910179123,0.212519295551504,0.363711018211571,0.477623305866039,0.47641955294278,0.457234978675842,-0.558901962007281
"ana konjuh",0.354838709677419,0.181192776576243,1.166166565475,-0.918041641267044,-0.284470366018268,2.24689029143284,-0.832403644091255,-0.686655502937942,-0.167260502306652,-1,-1,-0.917456894134233,0.496445391401069,0.526905250502982,0.495472580194473,-0.146676389706688
"anastasia pavlyuchenkova",0.547112462006079,0.451453320642904,-0.627083282585728,0.251255117563054,-0.284470366018268,-0.442011204872034,-0.832403644091255,1.44635946363524,-0.167260502306652,0.0541943284551168,0.00382726558480309,0.0276759808905457,0.539438182985308,0.546453917656081,0.542870104312897,0.11478301653913
"anastasia potapova",0.53156146179402,0.162456036815849,-0.884553951695856,0.826394565190562,-0.284470366018268,-0.442011204872034,-0.832403644091255,-0.686655502937942,5.93774783188613,0.0175917574357468,0.146043174111254,0.00867179841477139,0.529070351397857,0.506432318013511,0.530232191085815,-0.0439122393744871
"anastasija sevastova",0.5,0.0644970898542802,0.0810917665251946,-0.0943750687146811,-0.284470366018268,-0.442011204872034,1.19311188986413,-0.686655502937942,-0.167260502306652,-0.110162750938075,-0.180540871665194,-0.17959828254367,0.51559978160989,0.531065043265062,0.527530014514923,0.0029946331016641
"andrea petkovic",0.527272727272727,0.425202537122474,-2.28708625493177,1.00073173820184,-0.284470366018268,-0.442011204872034,1.19311188986413,-0.686655502937942,-0.167260502306652,-0.24877621294592,0.0236291779887011,0.0665365006074224,0.562501101279775,0.52320693635366,0.517073571681976,0.294614041167784
"anett kontaveit",0.538461538461538,0.57657268318673,-0.0505784950455257,-0.406543780805135,-0.284470366018268,-0.442011204872034,-0.832403644091255,1.44635946363524,-0.167260502306652,0.0505070345708959,-0.00861409240682467,0.00497275149863685,0.531309404892252,0.539943735544333,0.537699282169342,0.00553684953956625
"angelique kerber",0.565217391304348,-1.21317819841841,-0.959040949084043,-0.722852089944636,-0.284470366018268,2.24689029143284,-0.832403644091255,-0.686655502937942,-0.167260502306652,0.595528998881083,0.375630596781629,0.57507160361629,0.48088650590259,0.500583933887891,0.477066606283188,-0.376035854603258
"anhelina kalinina",0.476923076923077,-0.202595440464533,-0.0156923629606814,0.582858106558913,-0.284470366018268,-0.442011204872034,1.19311188986413,-0.686655502937942,-0.167260502306652,-0.32975390367762,-0.220577590636763,-0.193355411783336,0.523618433008285,0.514877099927582,0.506561875343323,0.0887985434855015
"anna blinkova",0.478723404255319,-0.400131554198914,1.64915410721874,-0.388975752236021,-0.284470366018268,-0.442011204872034,-0.832403644091255,1.44635946363524,-0.167260502306652,-0.31840082664038,-0.264761360708536,-0.183938969069552,0.52381108877393,0.524279975736706,0.506918787956238,-0.17928119593017
"anna bondar",0.532663316582915,0.93217842833768,-0.370360760333098,0.14340495094814,-0.284470366018268,-0.442011204872034,1.19311188986413,-0.686655502937942,-0.167260502306652,0.0195846450298034,-0.00422868751289416,-0.281229951910734,0.529889999987509,0.53339093221549,0.575772106647491,0.218560622071838
"anna kalinskaya",0.550943396226415,0.662095229023873,-1.13768098472784,0.905115877116443,-0.284470366018268,2.24689029143284,-0.832403644091255,-0.686655502937942,-0.167260502306652,0.0825833053078159,0.200495051778245,0.287904030384486,0.539249048396004,0.51644490621429,0.506811559200287,0.315748759286923
"arantxa rus",0.514056224899598,0.428900669874377,0.461080483812739,1.10089329545708,-0.284470366018268,-0.442011204872034,-0.832403644091255,1.44635946363524,-0.167260502306652,-0.285108514205325,-0.197003561479035,-0.332885673026695,0.554429495527375,0.547953946253612,0.565083146095276,0.282709791838802
"aryna sabalenka",0.615207373271889,1.73766812321941,0.0793481114942372,0.383675358916248,-0.284470366018268,-0.442011204872034,1.19311188986413,-0.686655502937942,-0.167260502306652,0.489722868077382,0.699195289954524,0.776154987537634,0.545859342959263,0.494899258367888,0.496233195066452,0.422636462946703
"ashleigh barty",0.634831460674157,1.0949587405182,0.466111438124437,-0.22895522179089,-0.284470366018268,-0.442011204872034,-0.832403644091255,1.44635946363524,-0.167260502306652,0.726168008504451,0.525411525138695,0.773861215119987,0.532001218615971,0.544425717033659,0.51620888710022,0.141528386737804
"ashlyn krueger",0.538961038961039,2.15785010189368,-1.28253248912153,-0.393487251305083,3.4912272193151,-0.442011204872034,-0.832403644091255,-0.686655502937942,-0.167260502306652,0.168345436167794,0.243890695127889,0.171054891446514,0.515122200361997,0.496995610710841,0.512740612030029,0.461255009029804
"astra sharma",0.4,1.37210689527998,1.22144877874108,-1.60741058421561,-0.284470366018268,-0.442011204872034,1.19311188986413,-0.686655502937942,-0.167260502306652,-0.742147887443741,-0.595555371784287,-0.499214609989492,0.505093099689125,0.502475152693004,0.476522922515869,-0.0515923842794998
"barbora krejcikova",0.576623376623377,0.673281387616671,-0.867575104079809,0.862259912843032,-0.284470366018268,-0.442011204872034,-0.832403644091255,1.44635946363524,-0.167260502306652,0.142604041704807,0.218534889107831,0.208708317242991,0.556429691477178,0.539020834204894,0.54463118314743,0.281457907804351
"beatriz haddad maia",0.584249084249084,0.0657677488948053,1.37274734879154,0.806615749148316,-0.284470366018268,-0.442011204872034,1.19311188986413,-0.686655502937942,-0.167260502306652,0.431433662868695,0.338057371369442,0.309839412280153,0.523155194866369,0.526080721756962,0.536754846572876,0.185928789667626
"belinda bencic",0.5801393728223,0.103980495162365,0.311953951662625,0.0258419220559606,-0.284470366018268,-0.442011204872034,1.19311188986413,-0.686655502937942,-0.167260502306652,0.438428730024323,0.338746697266429,0.189178462740649,0.518054935191241,0.521852400407581,0.55114084482193,0.034985684895936
"bernarda pera",0.545454545454545,-0.0222617208219514,-0.316842715146665,-0.468374679327695,-0.284470366018268,-0.442011204872034,-0.832403644091255,1.44635946363524,-0.167260502306652,0.104816518035979,0.0992695871156676,-0.0125590023121856,0.530611826145643,0.528373570990371,0.547379672527313,-0.122499469424974
"bianca andreescu",0.555746140651801,0.204494074674489,-0.551475853871036,0.0923361494476224,-0.284470366018268,-0.442011204872034,-0.832403644091255,1.44635946363524,-0.167260502306652,0.162228875027309,0.156886980398721,0.362382772732736,0.532773447979423,0.528751140634025,0.50019770860672,0.0349280112651842
"camila giorgi",0.581081081081081,1.25681027026102,-0.305483971562557,-1.69253997072443,-0.284470366018268,-0.442011204872034,-0.832403644091255,1.44635946363524,-0.167260502306652,0.353409750729443,0.396145448913493,1,0.531035898991502,0.512917704022747,0.427794456481934,-0.124018003257754
"caroline dolehide",0.497777777777778,-0.00414673520175464,0.172413437770718,0.0441810534924052,-0.284470366018268,-0.442011204872034,1.19311188986413,-0.686655502937942,-0.167260502306652,-0.130492866112669,-0.221220805692278,-0.00696564269948465,0.516256439536601,0.535842476571892,0.498845517635345,0.0178493509124046
"caroline garcia",0.547511312217195,0.938635765087532,0.805518382317004,-1.00328761436399,-0.284470366018268,-0.442011204872034,-0.832403644091255,1.44635946363524,-0.167260502306652,0.209697348851471,0.222351627756573,0.162948567298819,0.517816766480091,0.509252036782188,0.522533476352692,-0.0456293796613298
"caroline wozniacki",0.596273291925466,-1.14279473678226,0.308138376617264,0.122660747994123,-0.284470366018268,2.24689029143284,-0.832403644091255,-0.686655502937942,-0.167260502306652,0.728779617057118,0.482644594388067,0.529413904150635,0.493073228646175,0.513226306120954,0.515121221542358,-0.19102065283043
"christina mchale",0.446428571428571,-1.47172969014307,0.880916633466383,-3.41729506034286,-0.284470366018268,-0.442011204872034,-0.832403644091255,1.44635946363524,-0.167260502306652,-0.148992389007997,-0.304635262862457,-0.59541425776313,0.467526889238073,0.4988461073228,0.537697613239288,-1
"claire liu",0.521276595744681,0.475703983607859,0.340795643174403,-0.793742365324468,-0.284470366018268,-0.442011204872034,-0.832403644091255,1.44635946363524,-0.167260502306652,-0.061251239245195,-0.0389378841702351,0.0446323538721514,0.529950180485654,0.52797650278092,0.514435052871704,-0.0924282169223041
"clara burel",0.504310344827586,-0.995396859304072,1.82311204671344,0.368742799250471,-0.284470366018268,-0.442011204872034,1.19311188986413,-0.686655502937942,-0.167260502306652,0.0156017958553424,-0.10124647006088,-0.103120527872711,0.502101026287581,0.521731474701761,0.520117342472076,-0.107526737441892
"clara tauson",0.491961414790997,0.419672848864143,0.101340389912498,-0.73065893745244,-0.284470366018268,-0.442011204872034,-0.832403644091255,1.44635946363524,-0.167260502306652,-0.232811088339043,-0.269070624431573,-0.38418801444404,0.52492902047916,0.538259466374712,0.550852298736572,-0.0904440410690952
"coco gauff",0.588659793814433,1.12062958560725,1.53416829204924,0.204013930533624,-0.284470366018268,2.24689029143284,-0.832403644091255,-0.686655502937942,-0.167260502306652,0.559070423946929,0.601476719690573,0.84360977871336,0.509491686229474,0.485165775270169,0.459345698356628,0.262029132847712
"coco vandeweghe",0.444444444444444,1.41424759643738,-0.491149346334861,0.494070490916884,-0.284470366018268,-0.442011204872034,1.19311188986413,-0.686655502937942,-0.167260502306652,-0.704294475275025,-0.505769283549254,-0.675287223123407,0.54417724804444,0.531470415520588,0.547956943511963,0.382641491116101
"cristina bucsa",0.498181818181818,-1.10531782863833,-1.05992183082773,0.744803932075662,-0.284470366018268,-0.442011204872034,1.19311188986413,-0.686655502937942,-0.167260502306652,-0.211430298791531,-0.0964727213695683,-0.0832698719281466,0.528121761209527,0.514781545631908,0.510945975780487,-0.0524756624585225
"dalma galfi",0.570247933884298,0.788720236382845,0.911963958966499,0.964098968683876,-0.284470366018268,2.24689029143284,-0.832403644091255,-0.686655502937942,-0.167260502306652,0.297367290611989,0.233349889459852,0.272094549766023,0.528138738607581,0.530096225602913,0.528539478778839,0.352131034367386
"danielle collins",0.591289782244556,1.07860432339984,-0.170448940423532,-0.0556415798811029,-0.284470366018268,-0.442011204872034,1.19311188986413,-0.686655502937942,-0.167260502306652,0.46020115518317,0.389220406451636,0.62855409164421,0.526122223733677,0.524317973287703,0.494940847158432,0.206442676826921
"danka kovinic",0.408163265306122,-1.20271301899146,-1.4722478620416,-0.358258519968284,-0.284470366018268,-0.442011204872034,-0.832403644091255,1.44635946363524,-0.167260502306652,-0.835989875244422,-0.688377781369969,-0.735980847833728,0.526545017494053,0.526610048927629,0.520979285240173,-0.327849404959467
"daria kasatkina",0.530474040632054,-1.87384308113536,1.14988182842695,1.43085473584026,-0.284470366018268,-0.442011204872034,1.19311188986413,-0.686655502937942,-0.167260502306652,0.110489016651454,0.108048289167237,-0.0566971826474876,0.514828057617133,0.511882545272928,0.539164960384369,-0.0615968588815868
"daria saville",0.5,-0.630604231675706,-0.0238975265679699,-2.05440974085292,-0.284470366018268,-0.442011204872034,1.19311188986413,-0.686655502937942,-0.167260502306652,0.187656303675287,0.0714368160446046,0.105247734655612,0.473426613532017,0.487708114175613,0.483866930007935,-0.528497616862964
"dayana yastremska",0.527522935779816,0.523531411311512,0.0314320092971638,1.11530700250382,-0.284470366018268,2.24689029143284,-0.832403644091255,-0.686655502937942,-0.167260502306652,-0.0143724413780423,0.0097588890310315,0.0384781898407281,0.529558169511629,0.525843757501946,0.521624743938446,0.331642819468177
"diana shnaider",0.613065326633166,-0.401924171117523,-1.11156345655638,0.288894080076429,-0.284470366018268,2.24689029143284,-0.832403644091255,-0.686655502937942,-0.167260502306652,0.707962054976565,0.595587667327157,0.676266275558233,0.512813169241678,0.510584616957816,0.509402751922607,-0.0144202211908699
"diane parry",0.44,-0.246712722351637,0.588165726176871,0.445850070051202,-0.284470366018268,2.24689029143284,-0.832403644091255,-0.686655502937942,-0.167260502306652,-0.46920424614024,-0.507852149420817,-0.585377612887203,0.506442456346566,0.527384362601667,0.529730558395386,0.0473410563097094
"donna vekic",0.576576576576577,1.81412590438774,-0.41069130072086,0.108429749737423,-0.284470366018268,-0.442011204872034,-0.832403644091255,1.44635946363524,-0.167260502306652,0.141172634793577,0.194938631656223,0.114967198067722,0.556585588213273,0.543034160554222,0.558953642845154,0.348646311353337
"ekaterina alexandrova",0.563131313131313,1.20494566607693,-0.0464485522158706,1.11896083772499,-0.284470366018268,-0.442011204872034,1.19311188986413,-0.686655502937942,-0.167260502306652,0.0830301371947121,0.169753870162598,0.672203928627381,0.551373690920111,0.533922351900683,0.460091441869736,0.468978393390536
"elena rybakina",0.561933534743202,1.34860361865627,0.834362390576125,-0.739332941147854,-0.284470366018268,-0.442011204872034,-0.832403644091255,1.44635946363524,-0.167260502306652,0.176868555898147,0.200089975046789,0.537856095616352,0.536887765441212,0.527504744883028,0.479487389326096,0.0869631693202523
"elina avanesyan",0.487179487179487,-2.27464501941841,-0.536795237960723,-0.0449556546441503,-0.284470366018268,-0.442011204872034,1.19311188986413,-0.686655502937942,-0.167260502306652,0.00676352603197106,-0.0833581534712835,-0.0141033911851013,0.486221726701348,0.501522636296897,0.489341348409653,-0.438143037275817
"elina svitolina",0.587223587223587,0.274855162315408,0.907087914137868,0.528603665669833,-0.284470366018268,-0.442011204872034,1.19311188986413,-0.686655502937942,-0.167260502306652,0.440660441064102,0.303056152157788,0.357002690680922,0.52482312439762,0.535077763445891,0.532499849796295,0.169885159545623
"elisabetta cocciaretto",0.418918918918919,-0.339091695126134,-1.26050135017697,0.609844252880991,-0.284470366018268,2.24689029143284,-0.832403644091255,-0.686655502937942,-0.167260502306652,-0.697000295109689,-0.651770218237733,-0.795326697812332,0.517618817869807,0.531066765784208,0.540831863880157,0.0627758358582122
"elise mertens",0.541935483870968,0.652291665301757,0.498722832757326,1.11856342490927,-0.284470366018268,-0.442011204872034,1.19311188986413,-0.686655502937942,-0.167260502306652,0.029656286126873,-0.00447893071391218,-0.106103709110947,0.537735955600294,0.542706157985508,0.558199763298035,0.362305582322506
"emma navarro",0.568345323741007,-0.0639674532862134,0.268143070274919,0.0246702427893257,-0.284470366018268,2.24689029143284,-0.832403644091255,-0.686655502937942,-0.167260502306652,0.434833852664632,0.274973216115777,0.24907476665063,0.506769944764058,0.521031633624286,0.530165493488312,-0.00281262776270772
"emma raducanu",0.583524027459954,0.505660022590901,-1.47158310516907,0.814852916453237,-0.284470366018268,-0.442011204872034,-0.832403644091255,1.44635946363524,-0.167260502306652,0.228309772312069,0.289513925452585,0.438435528566975,0.55119383819776,0.533708367786498,0.51631772518158,0.239515750578094
"erika andreeva",0.485981308411215,-0.186369005763821,1.51259492749204,-0.00893922172280026,-0.284470366018268,-0.442011204872034,1.19311188986413,-0.686655502937942,-0.167260502306652,-0.162249875726381,-0.165769096987841,-0.0468598778670223,0.508956974922902,0.51450462350569,0.493164300918579,-0.0280673828450762
"eva lys",0.503759398496241,-1.85600373471513,-1.94710243468474,-0.632039729327475,-0.284470366018268,-0.442011204872034,1.19311188986413,-0.686655502937942,-0.167260502306652,0.141682833554345,-0.0682138812640963,-0.165851373097251,0.483696162579406,0.515496725081639,0.529182195663452,-0.476438181287489
"fiona ferro",0.557377049180328,-1.69242858414939,0.0947946316948246,0.495941580358316,-0.284470366018268,-0.442011204872034,1.19311188986413,-0.686655502937942,-0.167260502306652,0.371886052812221,0.313012311696027,0.558206794879415,0.504715499262283,0.50351810347098,0.471811413764954,-0.216174167616781
"garbine muguruza",0.551451187335092,0.965870427645445,-1.15376616835472,-0.225641669011885,-0.284470366018268,-0.442011204872034,-0.832403644091255,1.44635946363524,-0.167260502306652,0.0240699723727485,0.0836533064700623,0.125014905193435,0.548042718418208,0.537057252262168,0.532288074493408,0.117302562430859
"greet minnen",0.523456790123457,0.280217345779037,0.444386608922345,0.374085502831078,-0.284470366018268,-0.442011204872034,1.19311188986413,-0.686655502937942,-0.167260502306652,0.00418236898016114,-0.125347446871944,-0.178853787623823,0.522864538730432,0.545024891708028,0.550872683525085,0.139588561932451
"harmony tan",0.46875,0.168254342132326,-0.258961661818363,2.41890047901482,-0.284470366018268,-0.442011204872034,1.19311188986413,-0.686655502937942,-0.167260502306652,-0.629143157135218,-0.380807891185659,-0.440435102585139,0.557840874811059,0.534274296555394,0.536262810230255,0.532610057932033
"harriet dart",0.490774907749078,-1.69591895716804,1.70900930312058,0.875867930330032,-0.284470366018268,2.24689029143284,-0.832403644091255,-0.686655502937942,-0.167260502306652,-0.0155200599103271,-0.0174871862429645,-0.259061109740518,0.492972651933131,0.493783867394677,0.530485510826111,-0.144979791063396
"heather watson",0.41304347826087,0.179408863954127,1.23025305791768,-1.40483665578911,-0.284470366018268,-0.442011204872034,-0.832403644091255,1.44635946363524,-0.167260502306652,-0.728329270947496,-0.529819895261246,-0.187733625800002,0.51617976952195,0.504207754899034,0.441820532083511,-0.273483964734119
"iga swiatek",0.57421875,0.477880694779222,0.861423924896323,0.266488853733273,-0.284470366018268,-0.442011204872034,1.19311188986413,-0.686655502937942,-0.167260502306652,0.365689258976719,0.202750520059463,0.185800350640959,0.522434707494326,0.539332169362784,0.545738041400909,0.155895758689253
"jasmine paolini",0.501222493887531,-0.644185805973823,-0.224437393356871,-0.294566937852131,-0.284470366018268,2.24689029143284,-0.832403644091255,-0.686655502937942,-0.167260502306652,0.0102394816163739,-0.0818215661827828,-0.0621956438375995,0.499772514873266,0.515301247745532,0.510756254196167,-0.179451299049556
"jelena ostapenko",0.557142857142857,-0.736102816280541,1.69322373863994,-0.426426479436625,-0.284470366018268,-0.442011204872034,-0.832403644091255,1.44635946363524,-0.167260502306652,0.443990892534304,0.420999128429454,0.447084558378341,0.494270780135553,0.484702993423424,0.488610774278641,-0.251674782809669
"jessica bouzas maneiro",0.5625,-0.321004979803658,-0.824326044091567,-0.285022457177725,-0.284470366018268,-0.442011204872034,1.19311188986413,-0.686655502937942,-0.167260502306652,0.35024060810779,0.294401185477575,0.464230824170198,0.512903589680983,0.511843406399929,0.49133962392807,-0.110014992798048
"jessica pegula",0.567596566523605,0.294445475147621,0.287271617521565,0.214498143230605,-0.284470366018268,-0.442011204872034,-0.832403644091255,1.44635946363524,-0.167260502306652,0.279418971030255,0.133494412622225,0.1064831700655,0.528028973225374,0.544626644724159,0.551274120807648,0.0770473723104225
"jil teichmann",0.48,0.710703451504778,-0.0275964139797502,0.176337436038679,-0.284470366018268,2.24689029143284,-0.832403644091255,-0.686655502937942,-0.167260502306652,-0.293523062860589,-0.323503247059381,-0.541151757938185,0.52156482694105,0.535664084667345,0.562951326370239,0.177353490673166
"jodie burrage",0.526881720430108,0.698419321072981,0.88704536925494,1.04008276545619,-0.284470366018268,2.24689029143284,-0.832403644091255,-0.686655502937942,-0.167260502306652,-0.0695300873508726,-0.0504754286930495,-0.196629499791637,0.53672764537982,0.535566852842008,0.557022392749786,0.350121221436616
"jule niemeier",0.578817733990148,0.769669041517875,0.875472763626614,1.03687953416738,-0.284470366018268,-0.442011204872034,1.19311188986413,-0.686655502937942,-0.167260502306652,0.297314570582336,0.196592453834076,0.117221477569819,0.536716004221891,0.544990750506509,0.560849249362946,0.368381945526138
"kaia kanepi",0.55511811023622,-0.056205513806508,-0.464906817616086,0.823947499758565,-0.284470366018268,-0.442011204872034,-0.832403644091255,1.44635946363524,-0.167260502306652,0.0503090577831694,0.185779518216725,0.197337924138441,0.547994011502903,0.523151671180429,0.524868845939636,0.132990920946465
"kaja juvan",0.506578947368421,-0.652756500127506,1.91820893835469,0.903516147693174,-0.284470366018268,-0.442011204872034,1.19311188986413,-0.686655502937942,-0.167260502306652,-0.078450354293458,-0.0978835524628571,-0.137141365883119,0.517688041719962,0.523421431644422,0.527600884437561,0.0669925836225731
"kamilla rakhimova",0.547008547008547,-0.358350001965598,-0.467671950343976,0.352812422761043,-0.284470366018268,2.24689029143284,-0.832403644091255,-0.686655502937942,-0.167260502306652,0.241048270413486,0.201072757715631,0.0675844792751011,0.512874501300068,0.512410653134162,0.536648750305176,0.00694445473600522
"karolina muchova",0.573972602739726,0.585126133221183,0.121174364535759,1.36897637183757,-0.284470366018268,-0.442011204872034,1.19311188986413,-0.686655502937942,-0.167260502306652,0.229057954226538,0.211445024971918,0.404312754809977,0.541536465919298,0.537589988718033,0.511996865272522,0.400126032433752
"katerina siniakova",0.523076923076923,-0.23283712562908,-1.11870935338207,-0.687266048226818,-0.284470366018268,2.24689029143284,-0.832403644091255,-0.686655502937942,-0.167260502306652,0.222123798044741,-0.0395094973939479,0.261214591344363,0.491622709103953,0.529875185623256,0.4830362200737,-0.179738594484408
"katie boulter",0.538775510204082,0.943756841355068,-1.20695935868648,-0.0629507047455306,-0.284470366018268,-0.442011204872034,1.19311188986413,-0.686655502937942,-0.167260502306652,-0.0613395714680435,0.0595143152600298,0.110201655097786,0.547461603378022,0.528535087847686,0.521883070468903,0.178952158829673
"katie volynets",0.467741935483871,-1.34437686308121,1.19411209379881,-1.34987950189277,-0.284470366018268,-0.442011204872034,1.19311188986413,-0.686655502937942,-0.167260502306652,-0.104005954884981,-0.103880877841415,0.133429031475901,0.482469873634633,0.485616358791966,0.447289049625397,-0.52331151565299
"kristina mladenovic",0.544117647058823,-1.23609718277473,-1.55133145829764,-0.437955094602052,-0.284470366018268,-0.442011204872034,1.19311188986413,-0.686655502937942,-0.167260502306652,0.349134935983564,0.288026987509508,0.534328112011577,0.494677807300392,0.494557839653655,0.462212294340134,-0.317521225085252
"laura siegemund",0.509615384615385,0.218564498518199,-2.00460368957919,-1.64872470814295,3.4912272193151,-0.442011204872034,-0.832403644091255,-0.686655502937942,-0.167260502306652,0.265664044411978,0.140476221788214,0.145776941060451,0.47199558083292,0.485444127064042,0.487269729375839,-0.167299279491218
"lauren davis",0.533864541832669,-0.917864095298463,0.18490701769209,1.20864346863284,-0.284470366018268,-0.442011204872034,1.19311188986413,-0.686655502937942,-0.167260502306652,0.0762797373416525,0.0681391508513716,0.435785003094634,0.523062821344966,0.522140073850883,0.467064529657364,0.0777294248995481
"lesia tsurenko",0.491525423728814,-1.68376463602449,-0.167699267226976,-0.00861512778253218,-0.284470366018268,-0.442011204872034,1.19311188986413,-0.686655502937942,-0.167260502306652,-0.0855641853213941,-0.0779398456071716,-0.0761932023880874,0.503641884086564,0.504936263354918,0.503204822540283,-0.316809383006525
"lin zhu",0.569306930693069,-0.975845563990408,0.548053226566753,0.628200432546576,-0.284470366018268,-0.442011204872034,1.19311188986413,-0.686655502937942,-0.167260502306652,0.391192587929182,0.273700165439555,0.46654536075619,0.513911446401531,0.522212290002501,0.497791767120361,-0.0511469795387944
"linda fruhvirtova",0.384615384615385,-0.61530549682776,0.14162885590113,-0.279666005393255,-0.284470366018268,-0.442011204872034,1.19311188986413,-0.686655502937942,-0.167260502306652,-0.865951405067806,-0.740715364326055,-0.821465519730162,0.507239889620969,0.512067715091315,0.510535061359406,-0.165691621078599
"linda noskova",0.574803149606299,0.354417460069681,0.73202119789787,-1.9172747095037,-0.284470366018268,-0.442011204872034,-0.832403644091255,1.44635946363524,-0.167260502306652,0.529873536814922,0.477816809825711,0.673036608435841,0.499769516324764,0.492586863991283,0.471635639667511,-0.343633788436757
"liudmila samsonova",0.559726962457338,1.6527601764294,0.433093188495579,1.18780183220543,-0.284470366018268,2.24689029143284,-0.832403644091255,-0.686655502937942,-0.167260502306652,0.169785012620596,0.330669932523235,-0.0349531642568474,0.535684270213727,0.502829731013043,0.56508481502533,0.56414034509375
"lucia bronzetti",0.52,0.188055974955139,-0.852888130170127,0.806775543372968,-0.284470366018268,-0.442011204872034,1.19311188986413,-0.686655502937942,-0.167260502306652,-0.0746932377132367,-0.0444378259717127,-0.121304550664869,0.530577061539767,0.527646262996761,0.538594365119934,0.20954733039547
"madison brengle",0.459459459459459,-2.81263557032966,-0.836242106530897,-1.74453006475277,3.4912272193151,-0.442011204872034,-0.832403644091255,-0.686655502937942,-0.167260502306652,0.0399411888128343,-0.172050875883393,-0.174058962934764,0.453803520247576,0.489063658518723,0.486140370368958,-0.77136293711258
"madison keys",0.569169960474308,1.15304674992097,1.30784470885003,0.801241369573228,-0.284470366018268,-0.442011204872034,1.19311188986413,-0.686655502937942,-0.167260502306652,0.218191182350669,0.167827546535642,0.317769615043109,0.53827263116027,0.540292455086679,0.52046012878418,0.394546201350814
"magda linette",0.578571428571429,-0.20475556083343,-0.227660259907596,-0.526033937713444,-0.284470366018268,-0.442011204872034,-0.832403644091255,-0.686655502937942,5.93774783188613,0.551240745331724,0.412208799340459,0.449058438069898,0.500512055794132,0.507644086371057,0.509736776351929,-0.388962251946169
"magdalena frech",0.477099236641221,-0.702418388758862,0.665463405413942,-0.758119433686775,-0.284470366018268,-0.442011204872034,1.19311188986413,-0.686655502937942,-0.167260502306652,-0.150406462230085,-0.172628229499394,-0.244665968972269,0.498397796667417,0.506802778940024,0.51460325717926,-0.279506814500619
"maria sakkari",0.565217391304348,1.19661746426716,0.903047158909178,-0.121437008464305,-0.284470366018268,-0.442011204872034,-0.832403644091255,1.44635946363524,-0.167260502306652,0.165755016130563,0.123122850732837,0.0210428047074415,0.541745373491049,0.544032068282166,0.561991810798645,0.182936537573539
"marie bouzkova",0.530232558139535,-1.15034751356248,0.982690226127523,0.38533998916376,-0.284470366018268,-0.442011204872034,1.19311188986413,-0.686655502937942,-0.167260502306652,0.168180203730901,0.0479124950383329,-0.0161929744859775,0.506417117557595,0.521988420855967,0.53271472454071,-0.134047266307558
"marketa vondrousova",0.568965517241379,0.301453092998105,0.265835084103945,0.0235803851632743,-0.284470366018268,-0.442011204872034,-0.832403644091255,1.44635946363524,-0.167260502306652,0.257914997674943,0.124162667313349,0.0891462246034457,0.532443030253868,0.547601276577096,0.55530059337616,0.0396875842614106
"marta kostyuk",0.56508875739645,0.287155650955886,0.928799980123181,1.03558357599016,-0.284470366018268,-0.442011204872034,1.19311188986413,-0.686655502937942,-0.167260502306652,0.201698434900157,0.0933380182795248,0.00864601033920294,0.536526911321385,0.549028407463579,0.563763439655304,0.275055195855264
"martina trevisan",0.491477272727273,-0.873400894781201,-1.22225124266117,1.00482759754158,-0.284470366018268,2.24689029143284,-0.832403644091255,-0.686655502937942,-0.167260502306652,-0.11917979946818,-0.0424824449845304,0.17493967924736,0.508353928658452,0.498787080081573,0.464661359786987,0.0398104856774338
"maryna zanevska",0.444444444444444,1.10449942717626,0.814116604108103,0.44296736036021,-0.284470366018268,-0.442011204872034,-0.832403644091255,1.44635946363524,-0.167260502306652,-0.754971976396896,-0.588915635346686,-0.882773036818768,0.551353520816355,0.545777120656637,0.579761743545532,0.279610672530855
"mayar sherif",0.52212389380531,0.191821623623211,-0.770676185845296,0.321524729875513,-0.284470366018268,-0.442011204872034,1.19311188986413,-0.686655502937942,-0.167260502306652,-0.11233467735325,-0.0294078490951854,-0.170440473998464,0.5380312347078,0.527184000672238,0.548250138759613,0.111881916377576
"mccartney kessler",0.446428571428571,-0.137855362349672,0.0581686323653668,-0.122038759368529,-0.284470366018268,-0.442011204872034,1.19311188986413,-0.686655502937942,-0.167260502306652,-0.527254696432905,-0.432354464508153,-0.417255088324668,0.521091359413645,0.520822308546978,0.510388195514679,-0.0416429810260932
"mirra andreeva",0.427083333333333,1.07522694040361,1.6249414764487,0.41347807056823,-0.284470366018268,2.24689029143284,-0.832403644091255,-0.686655502937942,-0.167260502306652,-0.670082178832783,-0.594955998316026,-0.795139607608784,0.521971447159997,0.529455353906991,0.548967599868774,0.295744093751974
"misaki doi",0.448979591836735,-0.952574710727687,-0.401164673767689,0.797925233527689,-0.284470366018268,2.24689029143284,-0.832403644091255,-0.686655502937942,-0.167260502306652,-0.427340725759757,-0.364174217387976,-0.554335172581762,0.50949389397695,0.51164178968054,0.533951759338379,-0.0174125173118521
"moyuka uchijima",0.541666666666667,-0.66452235699751,-0.252550078911474,-0.279560935228572,-0.284470366018268,2.24689029143284,-0.832403644091255,-0.686655502937942,-0.167260502306652,0.294357562101156,0.14683090235322,0.244427456965505,0.499983669057259,0.516401981212452,0.504199206829071,-0.180330991075773
"nadia podoroska",0.460227272727273,-0.682217246757336,0.076149516156418,0.937940730443588,-0.284470366018268,-0.442011204872034,1.19311188986413,-0.686655502937942,-0.167260502306652,-0.435748670409392,-0.382637944660898,-0.283273000224296,0.521932196009439,0.526066460253677,0.503649234771729,0.0682904788430158
"nao hibino",0.402298850574713,-1.37451697090458,-0.547044812452923,0.201734594395492,-0.284470366018268,-0.442011204872034,-0.832403644091255,1.44635946363524,-0.167260502306652,-0.880917145401563,-0.693517397004399,-0.73050730018762,0.527042604408498,0.521629990079608,0.514275848865509,-0.24743900595623
"naomi osaka",0.575757575757576,0.810836004476648,2.18286057426953,0.930329102769778,-0.284470366018268,-0.442011204872034,-0.832403644091255,1.44635946363524,-0.167260502306652,0.346591206229263,0.284695747625475,0.527510276931246,0.526677945128853,0.526770963275913,0.494897305965424,0.321790552786442
"nina stojanovic",0.443181818181818,1.14683868485241,0.498760798950231,0.89048284780531,-0.284470366018268,2.24689029143284,-0.832403644091255,-0.686655502937942,-0.167260502306652,-0.621399650337602,-0.522711472800511,-0.816501257547613,0.531176160690362,0.533122973156437,0.568340539932251,0.406275793682015
"nuria parrizas diaz",0.471698113207547,-0.954979030529438,-1.68172769160948,-1.53394790374471,-0.284470366018268,-0.442011204872034,1.19311188986413,-0.686655502937942,-0.167260502306652,-0.262394308040372,-0.186576102359988,-0.260604628580958,0.508854900472318,0.503801617741346,0.511645317077637,-0.485529613840953
"ons jabeur",0.535175879396985,-0.586990232932191,0.825281673146746,0.198745049623149,-0.284470366018268,-0.442011204872034,-0.832403644091255,1.44635946363524,-0.167260502306652,0.0867483335511631,0.0828018414944218,0.100253155413697,0.522891735737748,0.520928452957053,0.519808411598206,-0.0961522579386816
"paula badosa",0.572368421052632,1.01170652777568,0.477583503069534,1.21372098410204,-0.284470366018268,-0.442011204872034,1.19311188986413,-0.686655502937942,-0.167260502306652,0.220315580262713,0.181948860449386,0.286846089507745,0.541170262799608,0.541061110027953,0.528398752212524,0.450921720108622
"petra kvitova",0.554307116104869,1.13956505957012,-2.54803423812855,0.203580313666737,-0.284470366018268,-0.442011204872034,-0.832403644091255,1.44635946363524,-0.167260502306652,-0.0700728663004285,0.0881757708510696,0.63558899518923,0.564229902180538,0.539135016229898,0.456879824399948,0.237834669867773
"petra martic",0.526595744680851,0.710654247261082,0.871948153818926,0.38469987753032,-0.284470366018268,-0.442011204872034,-0.832403644091255,-0.686655502937942,5.93774783188613,-0.0781041597972771,-0.048164231633887,0.115173980627447,0.537655815578557,0.534883197409615,0.508941113948822,-0.0277394778456897
"peyton stearns",0.563685636856369,-0.287675188556981,0.769678243724157,0.27414723233402,-0.284470366018268,-0.442011204872034,-0.832403644091255,1.44635946363524,-0.167260502306652,0.224464197953851,0.230625253329079,0.247011724189893,0.531900006618363,0.524002747289015,0.525822043418884,-0.023133465375549
"polona hercog",0.409090909090909,1.36495886060473,-0.443847624764174,-3.04705224472436,-0.284470366018268,-0.442011204872034,1.19311188986413,-0.686655502937942,-0.167260502306652,-0.722142854209724,-0.582250328231388,-0.707943891500284,0.511351162405994,0.509276708964233,0.517609238624573,-0.344879475060471
"qinwen zheng",0.585755813953488,0.690858121308563,1.22456069843512,0.0581138843962993,-0.284470366018268,-0.442011204872034,-0.832403644091255,1.44635946363524,-0.167260502306652,0.343307278213751,0.390842692884265,0.373601233350094,0.537141209474061,0.518504863781945,0.528487741947174,0.121795610076981
"rebecca marino",0.561224489795918,0.324074579561974,0.622657104975372,-3.57514790105492,-0.284470366018268,-0.442011204872034,-0.832403644091255,1.44635946363524,-0.167260502306652,0.633488599837995,0.408565126193489,0.380361555951482,0.471518271263099,0.490924101829845,0.502920150756836,-0.685644185074404
"rebecca peterson",0.5,0.40312772415477,0.319897665434043,0.529789573214369,-0.284470366018268,-0.442011204872034,1.19311188986413,-0.686655502937942,-0.167260502306652,-0.196460695802199,-0.22955051327751,-0.271482990727091,0.527820147221669,0.539497962764394,0.541614711284637,0.194865978676138
"rebeka masarova",0.565217391304348,1.91721004768496,-0.0174486407218582,-0.626445792567547,3.4912272193151,-0.442011204872034,-0.832403644091255,-0.686655502937942,-0.167260502306652,0.527138422382035,0.392315596327631,0.000811619689645487,0.490571068501788,0.497713003732334,0.565092980861664,0.367606199938786
"renata zarazua",0.546218487394958,-2.06251139933877,-1.43974486250831,-1.78009829649714,-0.284470366018268,-0.442011204872034,-0.832403644091255,1.44635946363524,-0.167260502306652,0.393954652901317,0.287156677326565,0.594231244438306,0.49043187624801,0.496808431252414,0.455130785703659,-0.781980433638849
"sara errani",0.518518518518518,-3.04649979436975,-0.889666616854755,1.18445756403824,-0.284470366018268,-0.442011204872034,1.19311188986413,-0.686655502937942,-0.167260502306652,0.107039819872136,0.0422831995926707,-0.0686935676240776,0.503360964814128,0.511242994629571,0.529048323631287,-0.337731724519485
"sara sorribes tormo",0.466367713004484,-1.16565470798631,-0.794676045619068,-0.136349532998167,3.4912272193151,-0.442011204872034,-0.832403644091255,-0.686655502937942,-0.167260502306652,-0.0178471621810606,-0.0590680099934079,-0.255295065524874,0.468894990419128,0.4765313411575,0.50550103187561,-0.127622067790785
"shelby rogers",0.512422360248447,0.69723004599157,-0.119248377581393,-1.13238949725225,-0.284470366018268,-0.442011204872034,-0.832403644091255,1.44635946363524,-0.167260502306652,-0.128783102394649,-0.121680831982749,-0.0752287058576857,0.530658908040631,0.533359560092495,0.523953914642334,-0.118367406989622
"shuai zhang",0.528888888888889,-0.0349813945852156,-1.34935198647217,-0.0200771474715772,-0.284470366018268,-0.442011204872034,-0.832403644091255,1.44635946363524,-0.167260502306652,-0.0695343837012495,0.0308391885698813,0.0795537248527905,0.538735422230522,0.523582496389802,0.516694366931915,-0.0340538671530302
"simona halep",0.516339869281046,-0.121741661673968,0.477940604879959,1.96579975306487,-0.284470366018268,-0.442011204872034,-0.832403644091255,1.44635946363524,-0.167260502306652,-0.176451015894004,-0.0515518315125363,0.214600505940945,0.541326512128563,0.52521021460263,0.483444482088089,0.351878007346979
"sloane stephens",0.531674208144796,-0.28620480533122,0.0461829157592311,0.451696627517655,-0.284470366018268,-0.442011204872034,1.19311188986413,-0.686655502937942,-0.167260502306652,0.0933823420786793,0.0495027536693368,0.142333003438579,0.518450644551452,0.523156440559574,0.509856462478638,0.0460776147049302
"sofia kenin",0.543417366946779,-0.288222910866175,-2.11941735960239,0.00771130979406827,-0.284470366018268,-0.442011204872034,-0.832403644091255,1.44635946363524,-0.167260502306652,0.0360662493892838,0.0785435638923016,0.214774913180952,0.538310145048545,0.529902647603719,0.510495245456696,-0.0772628907650043
"sorana cirstea",0.544554455445545,0.439648477904735,-0.0669617177492104,0.458597687265561,-0.284470366018268,-0.442011204872034,1.19311188986413,-0.686655502937942,-0.167260502306652,0.114474244351457,0.0841613128502061,0.190858330730258,0.528344137560113,0.530073109472072,0.515298426151276,0.187474661639562
"stefanie voegele",0.418181818181818,1.10636819441162,0.0219920539310365,0.322975352222417,3.4912272193151,-0.442011204872034,-0.832403644091255,-0.686655502937942,-0.167260502306652,-0.801992783061947,-0.722446673921537,-0.990233200244477,0.531749354957536,0.54249071829443,0.569971323013306,0.403725451679683
"tamara korpatsch",0.511450381679389,-1.72190402581694,-0.181888535426575,1.36784803531233,-0.284470366018268,2.24689029143284,-0.832403644091255,-0.686655502937942,-0.167260502306652,-0.00126723842484228,0.0319317248970569,-0.0043081910833735,0.511629831107684,0.505956000233759,0.512110769748688,-0.0502354486873864
"tamara zidansek",0.5,0.805905462351207,-0.899319907379403,0.974861237518541,-0.284470366018268,-0.442011204872034,1.19311188986413,-0.686655502937942,-0.167260502306652,-0.31608369221645,-0.224378056804618,-0.351631208541831,0.544759562801731,0.538607956071532,0.553900361061096,0.362795867793638
"tatjana maria",0.465909090909091,0.136390400795014,2.46141749750633,0.620722423953432,-0.284470366018268,-0.442011204872034,-0.832403644091255,1.44635946363524,-0.167260502306652,-0.505411721979502,-0.320969006384037,-0.596665604474988,0.537478767762844,0.52113711754981,0.557369947433472,0.128930680972067
"taylor townsend",0.553191489361702,0.225816717403762,0.0412631258203056,0.415189623385759,3.4912272193151,-0.442011204872034,-0.832403644091255,-0.686655502937942,-0.167260502306652,0.34400259931051,0.393448106654159,0.607280302456309,0.504478422769031,0.485492234655354,0.460103541612625,0.252588330067285
"tereza martincova",0.484536082474227,0.340544491514371,-0.968015461401566,-2.29977646966271,-0.284470366018268,-0.442011204872034,-0.832403644091255,1.44635946363524,-0.167260502306652,-0.239682983201946,-0.138000393649879,-0.505631275295222,0.51847679439108,0.508281332842128,0.562042593955994,-0.423867346710624
"varvara gracheva",0.485507246376812,-0.484206631472498,0.985453943840108,-0.196316327099148,-0.284470366018268,-0.442011204872034,1.19311188986413,-0.686655502937942,-0.167260502306652,-0.140661496966702,-0.118345313655644,-0.427402616390245,0.505425854208548,0.505870515120455,0.551022350788116,-0.123505775783187
"vera zvonareva",0.490566037735849,1.08708992109212,-2.84034270215569,-1.52988770353981,3.4912272193151,-0.442011204872034,-0.832403644091255,-0.686655502937942,-0.167260502306652,0.033161112677961,-0.0915376938122043,-0.194227628476036,0.485870202607259,0.506316612065265,0.520338535308838,0.0243120729839982
"veronika kudermetova",0.577777777777778,0.800409469822213,0.817965452090997,-0.206793211369926,-0.284470366018268,-0.442011204872034,-0.832403644091255,1.44635946363524,-0.167260502306652,0.269191229150371,0.233724155680166,0.248982734486809,0.539658501068683,0.537561670802516,0.539612054824829,0.0892113535769983
"victoria azarenka",0.569620253164557,0.0212142610180949,-0.640544904620418,0.465976134827163,-0.284470366018268,-0.442011204872034,1.19311188986413,-0.686655502937942,-0.167260502306652,0.322718568065245,0.338555312479048,0.424417056429318,0.52392114761023,0.51136621166817,0.504562795162201,0.108265939780149
"viktorija golubic",0.487046632124352,-1.46762144536955,-0.373380576946072,-0.52379095141031,-0.284470366018268,-0.442011204872034,-0.832403644091255,1.44635946363524,-0.167260502306652,-0.10207764052913,-0.196286355761281,-0.15975883911364,0.501501508077862,0.520820946371452,0.51153552532196,-0.412507305351728
"viktoriya tomova",0.441176470588235,-1.31771833996624,-0.828387583487888,0.0782794477121639,3.4912272193151,-0.442011204872034,-0.832403644091255,-0.686655502937942,-0.167260502306652,-0.322721755393377,-0.258011334091324,-0.409584600018162,0.486876027489523,0.485571588339118,0.503960311412811,-0.113431921898801
"yafan wang",0.566137566137566,-0.261591669101749,-0.456480139653603,0.851376671208104,-0.284470366018268,-0.442011204872034,1.19311188986413,-0.686655502937942,-0.167260502306652,0.269719596599252,0.299885499569303,0.266988817736448,0.527943469067305,0.51453730558293,0.525211751461029,0.131865813626654
"yanina wickmayer",0.428571428571429,0.702113796390815,0.674011820850903,-1.82331819088037,-0.284470366018268,-0.442011204872034,-0.832403644091255,1.44635946363524,-0.167260502306652,-0.641933331263037,-0.677070252305597,-0.775364888877701,0.519473477499396,0.545072564781544,0.547424495220184,-0.257521370634593
"yulia putintseva",0.520725388601036,-1.44066108904335,-0.924743488466256,-0.425391166892658,-0.284470366018268,-0.442011204872034,1.19311188986413,-0.686655502937942,-0.167260502306652,0.207359257581736,0.0900456592197793,0.15324447859887,0.491361932210207,0.505231543502731,0.497235059738159,-0.354428631150849
"yuliia starodubtseva",0.448717948717949,-1.74788625495098,-0.497397221422262,1.1560226515111,3.4912272193151,-0.442011204872034,-0.832403644091255,-0.686655502937942,-0.167260502306652,-0.380479131390493,-0.301645968130033,-0.218993294656234,0.502596335979253,0.500621127008061,0.482286691665649,0.0221283647678632
"zarina diyas",0.529411764705882,0.449606438666603,-1.84821281722898,-0.600640239590393,-0.284470366018268,-0.442011204872034,-0.832403644091255,1.44635946363524,-0.167260502306652,-0.0701804156009455,0.0171539575865228,-0.0651743920004315,0.539349780481119,0.526460142562501,0.53940212726593,-0.0583074545796368
