"ServerName","avg_speed","sd_speed","location_entropy","win_rate","serve_efficiency","n_serves","overperf_lm","overperf_glm","overperf_rf","overperf_xgb","pred_lm","pred_glm","pred_rf","pred_xgb","rf_weighted_baseline"
"ajla tomljanovic",83.6752136752137,7.56560850599727,2.49890715694713,0.495726495726496,0.273504273504274,117,-0.0324066338572948,-0.663253294099424,-0.0172175208335991,-0.000376208215697171,0.305910907361568,0.663253294099424,0.290721794337873,0.273880481719971,0.197912597811093
"aleksandra krunic",78.1224489795918,5.31363283239923,2.24156264992859,0.469387755102041,0.408163265306122,49,0.122035172208581,0.572734668669564,0.0837377966318468,-0.000388189237944925,0.286128093097541,0.427265331330436,0.324425468674276,0.408551454544067,-1.39573543208733
"aliaksandra sasnovich",81.0344827586207,5.32114457164331,2.78066078838305,0.5,0.275862068965517,58,-0.0210207928427881,-0.425201164927238,-0.0248770570662411,-0.00242790477029209,0.296882861808305,0.425201164927238,0.300739126031758,0.278289973735809,0.0591086789449789
"alison van uytvanck",79.1311475409836,5.45733576584785,2.74928847007672,0.475409836065574,0.377049180327869,61,0.0878171180646403,0.610891556091,0.0601022606820791,0.00295523053309954,0.289232062263229,0.389108443909,0.31694691964579,0.374093949794769,0.01909210625609
"aliz√© cornet",78.8595041322314,6.5374635564618,2.57116137797781,0.462809917355372,0.264462809917355,121,-0.0230352826111525,-0.470710684930385,0.00459121846983834,0.000167827960873446,0.287498092528508,0.470710684930385,0.259871591447517,0.264294981956482,-0.0352701598397363
"amanda anisimova",86.2264150943396,7.59463755511834,2.72074857280812,0.452830188679245,0.245283018867925,53,-0.0704208319121068,-0.694890073610886,-0.0366645399542388,-0.00108495720152585,0.315703850780031,0.694890073610886,0.281947558822163,0.24636797606945,0.813523577285925
"ana bogdan",77.0769230769231,6.17532309961312,2.53361841371894,0.446153846153846,0.184615384615385,65,-0.096151303887179,-0.408684667940559,-0.046652766625288,-0.00148262473253102,0.280766688502564,0.408684667940559,0.231268151240673,0.186098009347916,-0.285780019989217
"anastasia pavlyuchenkova",83.992,5.27394080483496,2.85405480553281,0.472,0.272,125,-0.0365912950779018,-0.488933836646754,-0.0221439826893632,-0.000677063941955547,0.308591295077902,0.488933836646754,0.294143982689363,0.272677063941956,0.251218014037351
"anastasia potapova",83.3454545454545,4.97965837160692,2.93261050852684,0.490909090909091,0.318181818181818,110,0.0120354120256406,0.556947962217833,0.0023580663388833,-0.000371510332280944,0.306146406156178,0.443052037782167,0.315823751842935,0.318553328514099,0.342452486143867
"andrea petkovic",87.2962962962963,3.24410488798012,2.70732407567664,0.518518518518518,0.444444444444444,27,0.120714650681945,0.523480114836595,0.0599250159368803,0.000215616491105797,0.323729793762499,0.476519885163405,0.384519428507564,0.444228827953339,-0.916212767324737
"anett kontaveit",80.7924528301887,3.99210032711738,2.65165779735801,0.39622641509434,0.226415094339623,53,-0.0708479103870416,-0.361676590011564,-0.0582869600972948,-0.000836137330756992,0.297263004726664,0.361676590011564,0.284702054436917,0.22725123167038,-0.805164734828
"angelique kerber",76.85,4.87409270131549,2.74031814568337,0.5,0.216666666666667,60,-0.0639935177657032,-0.304651125806181,-0.0274813818548689,-0.000420363744099927,0.28066018443237,0.304651125806181,0.244148048521536,0.217087030410767,-0.244112288239202
"anhelina kalinina",78.2542372881356,8.09340561781304,2.53880265268901,0.423728813559322,0.271186440677966,59,-0.012612189400893,-0.552083110121159,-0.00292759347882648,-0.000225842504178064,0.283798630078859,0.552083110121159,0.274114034156793,0.271412283182144,0.483169719687022
"anna blinkova",78.8571428571429,7.60086240131325,2.32728986734457,0.457142857142857,0.314285714285714,35,0.0273320288101596,0.430570240861201,0.0225514172621522,0.000440467255456101,0.286953685475555,0.569429759138799,0.291734297023562,0.313845247030258,-0.270090481499896
"anna bondar",86.1111111111111,5.11615089691459,2.69601319936368,0.518518518518518,0.419753086419753,81,0.102337766076544,0.441688900441169,0.0739841673198331,0.00247917756622218,0.317415320343209,0.558311099558831,0.34576891909992,0.417273908853531,-0.221104093553561
"anna kalinskaya",84.8333333333333,5.43059315280955,2.82604275432133,0.5,0.307692307692308,78,-0.00415954877599817,0.475466912794745,0.0074252904626127,0.00103824184491086,0.311851856468306,0.524533087205255,0.300267017229695,0.306654065847397,0.241956661651426
"arantxa rus",81.4027777777778,7.37460377970696,2.98176318571928,0.430555555555556,0.25,72,-0.0462702011901507,-0.527190161810618,-0.0118784588432851,-7.21216201782227e-06,0.296270201190151,0.527190161810618,0.261878458843285,0.250007212162018,1.39919589894124
"aryna sabalenka",88.7252747252747,7.66171604934792,2.79836324166991,0.545054945054945,0.331868131868132,455,0.006387939308099,0.257936964540814,-0.00505208738437474,0.000110675803907612,0.325480192560033,0.742063035459186,0.336920219252507,0.331757456064224,1.05921744089005
"ashleigh barty",84.2121212121212,5.15458019335202,2.50777559040323,0.545454545454545,0.196969696969697,66,-0.113140579251479,-0.538449051019266,-0.0622526047114288,-0.00228840699701599,0.310110276221176,0.538449051019266,0.259222301681126,0.199258103966713,-0.717495878528602
"ashlyn krueger",93.0769230769231,8.04362164515695,2.3634612874969,0.538461538461538,0.346153846153846,52,0.00298872061792416,0.134461097308038,0.00356024277320294,-0.000173518290886521,0.343165125535922,0.865538902691962,0.342593603380643,0.346327364444733,0.0708059501877672
"barbora krejcikova",86.4787878787879,6.44071261659828,2.84753834302294,0.515151515151515,0.412121212121212,165,0.0946167081823186,0.3775709504844,0.0580035357979178,0.00251699053879939,0.317504503938894,0.6224290495156,0.354117676323294,0.409604221582413,0.702095618981127
"beatriz haddad maia",79.4034090909091,7.20331588508096,2.67295066302883,0.505681818181818,0.278409090909091,176,-0.0105244123967699,-0.509741580243595,0.0106245713034521,0.00156080451878632,0.288933503305861,0.509741580243595,0.267784519605639,0.276848286390305,0.49892426543053
"belinda bencic",80.8163265306122,6.24269326948982,2.69423882919341,0.505102040816326,0.326530612244898,196,0.0311750523393132,0.513449098397457,0.0209775154753434,0.00101090146570787,0.295355559905585,0.486550901602543,0.305553096769554,0.32551971077919,0.187564792640589
"bernarda pera",82.0813008130081,5.7239695843193,2.75359660257281,0.479674796747967,0.382113821138211,123,0.0813650522176966,0.519780849402684,0.0429568935380522,0.00316262923605076,0.300748768920515,0.480219150597316,0.339156927600159,0.378951191902161,0.149563422855875
"bianca andreescu",83.1813186813187,5.48277890761745,2.62857942354667,0.521978021978022,0.263736263736264,182,-0.041796982804466,-0.513179377201607,-0.0161339806707094,9.89892325558572e-05,0.30553324654073,0.513179377201607,0.279870244406973,0.263637274503708,-0.272415909142075
"camila giorgi",87.8333333333333,6.18266545372431,2.48465547404231,0.527777777777778,0.375,72,0.0513120237793618,0.311213248714021,0.0256140335286967,0.000108659267425537,0.323687976220638,0.688786751285979,0.349385966471303,0.374891340732574,-0.359350107847564
"caroline dolehide",81.1525423728814,6.95506156377729,2.62798191013786,0.457627118644068,0.254237288135593,59,-0.0419480269368002,-0.547480371948807,-0.0272836196864257,-0.000513708692486015,0.296185315072393,0.547480371948807,0.281520907822019,0.254750996828079,0.290863898926186
"caroline garcia",84.2349397590361,6.66234891210691,2.74334003926265,0.469879518072289,0.325301204819277,166,0.0167641082173222,0.4067057432488,0.0154954118001304,8.91556222754053e-06,0.308537096601955,0.5932942567512,0.309805793019147,0.32529228925705,0.499583569234897
"caroline wozniacki",73.4666666666667,4.12090016644643,2.77363587511186,0.555555555555556,0.288888888888889,45,0.0211111234936229,-0.200853921659146,0.0136491586063484,0.000112133555942084,0.267777765395266,0.200853921659146,0.275239730282541,0.288776755332947,-0.466500610077636
"christina mchale",75.1851851851852,7.00020349724556,2.3649125016827,0.37037037037037,0.333333333333333,27,0.0605498202135911,0.567768825312796,0.0239344837544326,-0.00019128123919171,0.272783513119742,0.432231174687204,0.309398849578901,0.333524614572525,-0.422873400176501
"claire liu",81.6875,6.42293019252619,2.49877812445913,0.4375,0.3125,32,0.0135244688161239,0.451175778486851,-0.00368813802564388,0.00010034441947937,0.298975531183876,0.548824221513149,0.316188138025644,0.312399655580521,-0.258761164105728
"clara burel",74.0960451977401,10.0711579724993,2.59922069687645,0.451977401129944,0.310734463276836,177,0.0452968263266757,0.448389699631305,-0.000852615832653392,0.000499529185268188,0.26543763695016,0.551610300368695,0.31158707910949,0.310234934091568,1.39584772239936
"clara tauson",83.7751937984496,7.08898828077471,2.5877477376778,0.534883720930233,0.356589147286822,129,0.0500082750655679,0.372284563634563,0.0326002992181076,0.0024358717970146,0.306580872221254,0.627715436365437,0.323988848068714,0.354153275489807,0.249100254192854
"coco gauff",83.3235294117647,5.90195501950241,2.56374329951743,0.535294117647059,0.261764705882353,340,-0.0440754447919714,-0.551275607850538,-0.0227073082687715,-0.000563233389573925,0.305840150674324,0.551275607850538,0.284472014151124,0.262327939271927,-0.280826109020418
"cristina bucsa",78.0684931506849,7.35286937022866,2.84334669318911,0.493150684931507,0.315068493150685,73,0.031847099630797,0.541458955323832,0.0352560690135312,0.00141255047223338,0.283221393519888,0.458541044676168,0.279812424137154,0.313655942678452,1.00491088644147
"dalma galfi",81.6857142857143,6.98221028788175,2.91471801682134,0.457142857142857,0.4,35,0.102160622563238,0.478883888192295,0.0456488638842198,0.0018292307853699,0.297839377436762,0.521116111807705,0.35435113611578,0.39817076921463,1.0686033117746
"danielle collins",87.7125984251968,8.20729928788674,2.80232692326651,0.515748031496063,0.354330708661417,254,0.0333603607709477,0.253918131355412,0.00739903461171898,0.000220765748361884,0.32097034789047,0.746081868644588,0.346931674049698,0.354109942913055,1.27779745962376
"danka kovinic",82.1923076923077,5.83108381534158,2.68481002750391,0.384615384615385,0.230769230769231,26,-0.0704367585462252,-0.499633517793176,-0.0576558907760448,-0.00347419197742754,0.301205989315456,0.499633517793176,0.288425121545276,0.234243422746658,0.00857216560160638
"daria kasatkina",71.8205128205128,8.62395959203734,2.87156289498709,0.435897435897436,0.316239316239316,117,0.0590460915065606,0.631330212167875,0.00992668754839365,2.28176259586821e-05,0.257193224732756,0.368669787832125,0.306312628690923,0.316216498613358,1.54520276064418
"dayana yastremska",85.8202247191011,6.01619367312621,2.96487394829388,0.561797752808989,0.314606741573034,89,-0.000456637511905555,0.435309289819094,0.00800272421782233,0.000226811076817879,0.315063379084939,0.564690710180906,0.306604017355211,0.314379930496216,0.845788249018666
"diana shnaider",81.1864406779661,5.34168569632441,2.50736407209532,0.542372881355932,0.338983050847458,59,0.0410867963657652,0.529919081902297,0.026596744394481,0.000703714156554902,0.297896254481692,0.470080918097703,0.312386306452977,0.338279336690903,-0.660726980004888
"diane parry",80.5416666666667,4.74435087743592,2.78732654648744,0.416666666666667,0.333333333333333,48,0.0379279064079872,0.621255084843608,0.023339688185721,0.000541438659032167,0.295405426925346,0.378744915156392,0.309993645147612,0.332791894674301,-0.150895490498009
"donna vekic",88.875,6.39926794657802,2.92299762371619,0.5,0.333333333333333,120,0.00636469248887389,0.33223892183741,-0.00456761180581511,-0.000813821951548277,0.326968640844459,0.66776107816259,0.337900945139148,0.334147155284882,0.899137466434426
"ekaterina alexandrova",84.7368421052632,7.06666817128569,2.67841661665952,0.488721804511278,0.323308270676692,133,0.0130184145088735,0.36236773576342,0.0102051124031547,-0.000463146464268982,0.310289856167818,0.63763226423658,0.313103158273537,0.323771417140961,0.486946591052795
"elena rybakina",86.2205882352941,6.48381595058387,2.62114908863718,0.441176470588235,0.272058823529412,136,-0.0447326140599527,-0.649328626708068,-0.0190060558501901,0.000183829489876219,0.316791437589364,0.649328626708068,0.291064879379602,0.271874994039536,0.114067650726573
"elina avanesyan",72.8101265822785,5.47740334644701,2.75463568443641,0.493670886075949,0.278481012658228,79,0.0144561984726743,-0.246863271279755,-0.00146373314675058,-2.80975540982165e-05,0.264024814185554,0.246863271279755,0.279944745804978,0.278509110212326,0.00939470699106997
"elina svitolina",79.4965986394558,6.438725039348,2.44019113671983,0.489795918367347,0.197278911564626,147,-0.0930461850131644,-0.500826839202372,-0.056833186192463,-0.00253855219098176,0.29032509657779,0.500826839202372,0.254112097757089,0.199817463755608,-0.419806851768673
"elisabetta cocciaretto",81.695652173913,5.4891196728263,2.79423858602148,0.347826086956522,0.347826086956522,23,0.0484749227523502,0.54976361586951,0.010176262271035,-0.00102469972942187,0.299351164204172,0.45023638413049,0.337649824685487,0.348850786685944,0.16424458908631
"elise mertens",85.1167315175097,7.28453468145302,2.63718318448672,0.443579766536965,0.272373540856031,257,-0.0393065088431089,-0.664038436342051,-0.00589415649144126,0.000105573393491432,0.31168004969914,0.664038436342051,0.278267697347472,0.27226796746254,0.464025874145263
"emma navarro",78.6141732283465,5.55212992748355,2.37774422082818,0.488188976377953,0.244094488188976,127,-0.0435752296434335,-0.434279519832968,-0.0283818927179331,-0.000659021570926566,0.28766971783241,0.434279519832968,0.272476380906909,0.244753509759903,-0.937037644585849
"emma raducanu",86.3790322580645,5.72342603341098,2.79534638879918,0.435483870967742,0.274193548387097,124,-0.0436119404228192,-0.58636726479095,-0.0324896410764513,-0.000878102356387744,0.317805488809916,0.58636726479095,0.306683189463548,0.275071650743484,0.28227381156963
"erika andreeva",76.3783783783784,5.17661059934947,2.32128084908344,0.405405405405405,0.351351351351351,37,0.0721775675025664,0.635605476462804,0.0445662024293465,0.000927538485140433,0.279173783848785,0.364394523537196,0.306785148922005,0.350423812866211,-1.24549556946742
"eva lys",77.6111111111111,4.81828527755186,2.39635635055441,0.555555555555556,0.222222222222222,36,-0.0620538507737555,-0.364455247739594,-0.0453729236633867,-0.002286853061782,0.284276072995978,0.364455247739594,0.267595145885609,0.224509075284004,-1.17910288591831
"fiona ferro",72.5,5.21339497635535,2.49975864903035,0.425,0.275,40,0.0115865310796002,-0.257087178903505,-0.0117895748908421,-0.000119602680206277,0.2634134689204,0.257087178903505,0.286789574890842,0.275119602680206,-0.774802802231339
"garbine muguruza",85.3728813559322,4.7516018174882,2.89943832955616,0.466101694915254,0.220338983050847,118,-0.0941321481450309,-0.487487858424931,-0.0385647891478308,-0.00128944445464571,0.314471131195878,0.487487858424931,0.258903772198678,0.221628427505493,0.175131378650714
"greet minnen",79.6906474820144,6.21574545864892,2.56092426363437,0.381294964028777,0.294964028776978,139,0.00386210540270299,0.525088104467836,0.0106339962747071,0.000772757710312766,0.291101923374275,0.474911895532164,0.284330032502271,0.294191271066666,-0.184046323837704
"harmony tan",81.125,5.58190009724755,2.58429531609601,0.375,0.25,24,-0.0473249959844521,-0.471470796747136,-0.024957292309381,-0.000615686178207397,0.297324995984452,0.471470796747136,0.274957292309381,0.250615686178207,-0.362105042075293
"harriet dart",72.8448275862069,7.2969361626178,2.43119667475299,0.439655172413793,0.422413793103448,116,0.159312316875299,0.619527459228328,0.0719079925889886,0.000462946192971603,0.26310147622815,0.380472540771672,0.35050580051446,0.421950846910477,-0.142022851214151
"iga swiatek",81.3089887640449,5.99906359734116,2.77132363550797,0.530898876404494,0.289325842696629,356,-0.00808191229394672,-0.473687674573244,-0.013047613977148,-0.00290130631307539,0.297407754990576,0.473687674573244,0.302373456673777,0.292227149009705,0.30039253299261
"jasmine paolini",78.1575342465753,6.03059825037614,2.42637714576124,0.479452054794521,0.267123287671233,146,-0.018239886473795,-0.443492205782262,-0.00611399510776922,-0.000144833571290304,0.285363174145028,0.443492205782262,0.273237282779002,0.267268121242523,-0.622785700832777
"jelena ostapenko",75.5813953488372,7.89027844553337,2.71038043754321,0.406976744186047,0.232558139534884,172,-0.0404999342765057,-0.444756383901135,-0.0292569105002308,0.000278108688287954,0.273058073811389,0.444756383901135,0.261815050035115,0.232280030846596,0.847820031675794
"jessica bouzas maneiro",81.7368421052632,4.9190820709816,2.64989338008628,0.578947368421053,0.385964912280702,57,0.0857344052893271,0.561302695815158,0.0388988829697641,0.00165722976651106,0.300230506991375,0.438697304184842,0.347066029310938,0.384307682514191,-0.443037964867989
"jessica pegula",80.6215384615385,5.42640128991252,2.70551388665727,0.461538461538462,0.246153846153846,325,-0.0491104268255329,-0.431516693464113,-0.0265759936491973,-0.000478089084992028,0.295264272979379,0.431516693464113,0.272729839803043,0.246631935238838,-0.10220032045765
"jodie burrage",83.6222222222222,6.56190413360222,2.72469198838123,0.444444444444444,0.244444444444444,45,-0.0617671721155342,-0.574455388317173,-0.0310945822967368,-0.000714868638250571,0.306211616559979,0.574455388317173,0.275539026741181,0.245159313082695,0.407551270931748
"jule niemeier",85.5976331360947,7.66743230645916,2.93596916050734,0.568047337278107,0.408284023668639,169,0.0954829724504098,0.343525624744368,0.0584544223904982,0.000506475832335318,0.312801051218229,0.656474375255632,0.349829601278141,0.407777547836304,1.41258422033937
"kaia kanepi",82.734693877551,5.86190043496532,2.6853639207383,0.459183673469388,0.377551020408163,98,0.0742116503479238,0.484328794203564,0.0515893978040111,0.00255528214026468,0.303339370060239,0.515671205796436,0.325961622604152,0.374995738267899,0.0248138582526116
"kaja juvan",74.4716981132076,7.07814560021769,2.67556280397819,0.433962264150943,0.39622641509434,53,0.126836221986968,0.625283016982768,0.0682928813863216,0.00142506664653996,0.269390193107372,0.374716983017232,0.327933533708018,0.3948013484478,0.432192392686208
"kamilla rakhimova",79.937984496124,5.0709835368504,2.67902933342745,0.503875968992248,0.387596899224806,129,0.0947087397306687,0.602737526106256,0.0495679375175549,-0.000721192406129445,0.292888159494138,0.397262473893744,0.338028961707251,0.388318091630936,-0.315074382311283
"karolina muchova",82.9193548387097,5.18577433490189,2.88574293918639,0.491935483870968,0.290322580645161,248,-0.0140220083715711,-0.450920295956117,-0.0065945287363981,-0.000413558175486883,0.304344589016732,0.450920295956117,0.296917109381559,0.290736138820648,0.295867327492662
"katerina siniakova",82.546511627907,5.74078694491635,2.51190756858285,0.534883720930233,0.36046511627907,86,0.0575010486911225,0.471032124686754,0.0322621815436064,0.000208802001420816,0.302964067587947,0.528967875313246,0.328202934735463,0.360256314277649,-0.485883495431766
"katie boulter",87.9462365591398,4.460857763582,2.69342104774309,0.473118279569892,0.258064516129032,93,-0.0672293672022793,-0.567801259389152,-0.0450304563630693,-0.0019090396742667,0.325293883331312,0.567801259389152,0.303094972492102,0.259973555803299,-0.474743914369202
"laura siegemund",85.3461538461538,3.85686201663796,2.28456495225135,0.423076923076923,0.115384615384615,26,-0.200707545847656,-0.523812941210221,-0.12325765549318,-0.000283577121221096,0.316092161232271,0.523812941210221,0.238642270877795,0.115668192505836,-1.81377482794371
"lauren davis",78.2211538461538,4.66333921522933,2.67973724353678,0.480769230769231,0.336538461538462,104,0.0501402028084967,0.667171623218986,0.0347902014052978,0.00111499199500453,0.286398258729965,0.332828376781014,0.301748260133164,0.335423469543457,-0.48104861902763
"lesia tsurenko",75.3965517241379,7.2255386618174,2.87463033736756,0.431034482758621,0.224137931034483,58,-0.0484998110013326,-0.378362002954111,-0.0278995492646124,-0.000569717123590663,0.272637742035815,0.378362002954111,0.252037480299095,0.224707648158073,1.025140463249
"lin zhu",76.2,6.55791506501876,2.69961566611898,0.569230769230769,0.323076923076923,65,0.0463914301690439,0.614950066818689,0.0306910223067786,0.000506241504962646,0.276685492907879,0.385049933181311,0.292385900770144,0.32257068157196,0.301808026033979
"linda noskova",83.1136363636364,6.7106853671776,2.62046908129621,0.477272727272727,0.25,44,-0.0542198560321474,-0.584979537951761,-0.0277878850872865,-0.0027804970741272,0.304219856032147,0.584979537951761,0.277787885087286,0.252780497074127,0.185243852279504
"liudmila samsonova",89.3377192982456,7.68114449015045,2.59205017248653,0.526315789473684,0.394736842105263,228,0.0665121507465572,0.223182481195313,0.0389020658182817,0.000134096333855083,0.328224691358706,0.776817518804687,0.355834776286981,0.394602745771408,0.519845105745197
"lucia bronzetti",83.25,4.63576220940375,2.65039018803187,0.432692307692308,0.298076923076923,104,-0.00842466699893474,0.538645698850827,0.0028514896184591,0.000247414295489967,0.306501590075858,0.461354301149173,0.295225433458464,0.297829508781433,-0.544768285727218
"madison brengle",78.3225806451613,7.17582560534184,2.6339366076147,0.387096774193548,0.0967741935483871,31,-0.187937930193219,-0.485374428392223,-0.0960943499812483,-0.00292948345022817,0.284712123741607,0.485374428392223,0.192868543529635,0.0997036769986153,0.378736930009893
"madison keys",80.1346153846154,8.05183412034786,2.71298919442141,0.543269230769231,0.302884615384615,208,0.0118304971318393,0.426815915901618,0.00647348198013548,0.00110001059678883,0.291054118252776,0.573184084098382,0.29641113340448,0.301784604787827,0.940779665596337
"magda linette",80.7547169811321,5.39553112940329,2.52639657996411,0.415094339622642,0.207547169811321,53,-0.0885532159181515,-0.459176947021891,-0.0452787221779462,-0.00267967891018345,0.296100385729472,0.459176947021891,0.252825891989267,0.210226848721504,-0.591124551459969
"magdalena frech",77.4649122807018,5.94097787690125,2.40276074396604,0.394736842105263,0.254385964912281,114,-0.0283318327062462,-0.423733883703917,-0.00724202841411609,0.000382440132007278,0.282717797618527,0.423733883703917,0.261627993326397,0.254003524780273,-0.724237729923231
"maria sakkari",85.0754716981132,6.89390408563359,2.5821607449898,0.484276729559748,0.314465408805031,159,0.00252795833846914,0.350650309890273,0.00420552817001846,-0.000390315768103944,0.311937450466562,0.649349690109727,0.310259880635013,0.314855724573135,0.16454454676462
"marie bouzkova",73.6066666666667,6.99174649251959,2.75048448749704,0.48,0.213333333333333,150,-0.0525683818929109,-0.33897966926335,-0.0470961024928519,-0.00281221191088357,0.265901715226244,0.33897966926335,0.260429435826185,0.216145545244217,0.593839147168449
"marketa vondrousova",82.1071428571429,8.6163445931567,2.67334743804541,0.535714285714286,0.392857142857143,84,0.0943687903378734,0.340595055456333,0.0362618948472691,-8.99178641183829e-06,0.298488352519269,0.659404944543667,0.356595248009874,0.392866134643555,1.06551250617013
"marta kostyuk",82.3609022556391,5.72122357365692,2.75030018544754,0.518796992481203,0.278195488721804,133,-0.0236746522000434,-0.487896914466806,-0.0241639971422486,-0.00117493840984834,0.301870140921848,0.487896914466806,0.302359485864053,0.279370427131653,0.141108669984337
"martina trevisan",80.0392156862745,5.51671011272754,2.5084923707443,0.519607843137255,0.323529411764706,102,0.0303558012475641,0.54973735406513,0.0194361887499356,0.000531454296673062,0.293173610517142,0.45026264593487,0.30409322301477,0.322997957468033,-0.595123989806522
"maryna zanevska",81.8,6.59362283338724,1.92660108745383,0.366666666666667,0.3,30,-0.000168098539991446,0.357785084071014,-0.00918264410558256,-0.000262451171875011,0.300168098539991,0.642214915928986,0.309182644105583,0.300262451171875,-1.71697635878449
"mayar sherif",83.6666666666667,5.32916503778969,2.77898420027638,0.5,0.416666666666667,36,0.109302011216234,0.505306726420319,0.0685671285972742,0.0036136309305827,0.307364655450433,0.494693273579681,0.348099538069392,0.413053035736084,0.0710102764871929
"mccartney kessler",81.1153846153846,5.28641219033797,2.87413420062709,0.384615384615385,0.346153846153846,26,0.0490644040222158,0.588118006601857,0.0275547416226631,0.00193317807637727,0.29708944213163,0.411881993398143,0.318599104531183,0.344220668077469,0.295154045193773
"mirra andreeva",84.4634146341463,7.36239621650319,2.2068443424352,0.292682926829268,0.170731707317073,41,-0.138948984747927,-0.707684881533635,-0.0681049629652758,-0.00062295903519885,0.309680692065,0.707684881533635,0.238836670282349,0.171354666352272,-0.656152994740937
"misaki doi",78.5909090909091,5.35998481615734,2.40664709778593,0.5,0.363636363636364,22,0.0759390393369786,0.58168429506741,0.0402873287294237,0.000807095657695434,0.287697324299385,0.41831570493259,0.32334903490694,0.362829267978668,-0.935150343041395
"moyuka uchijima",81.9365079365079,6.79390859965159,2.53010874946156,0.555555555555556,0.380952380952381,63,0.0813528142905391,0.427461163896474,0.0397387340373694,0.000451110658191478,0.299599566661842,0.572538836103526,0.341213646915011,0.380501270294189,-0.0290747622467896
"nadia podoroska",78.59375,5.17232792758504,2.73943873999517,0.359375,0.15625,64,-0.131101720200723,-0.361266853016761,-0.0704335654216934,-0.000791266560554504,0.287351720200723,0.361266853016761,0.226683565421693,0.157041266560555,-0.121195291810838
"nao hibino",78.258064516129,7.29825432065999,2.60674792544601,0.451612903225806,0.258064516129032,31,-0.0263276107573465,-0.494968957074467,-0.0036955787229685,9.48386807595458e-05,0.284392126886379,0.494968957074467,0.261760094852001,0.257969677448273,0.353746901063205
"naomi osaka",81.17,7.39513216906769,2.5907413901816,0.48,0.32,100,0.0240657313205184,0.420870211526028,0.0160160245282526,8.44371318817205e-05,0.295934268679482,0.579129788473972,0.303983975471747,0.319915562868118,0.363559004798203
"nina stojanovic",88.125,7.37804065256947,2.86310811226238,0.46875,0.28125,32,-0.0419820235020074,-0.708422264243989,-0.0283407239781486,-0.000506848096847534,0.323232023502007,0.708422264243989,0.309590723978149,0.281756848096848,1.11800736166406
"ons jabeur",78.2703488372093,6.10210916987778,2.67050223620135,0.433139534883721,0.186046511627907,344,-0.0993243138851588,-0.415413586662433,-0.0413749253682303,-0.000305011175399605,0.285370825513066,0.415413586662433,0.227421436996137,0.186351522803307,0.0565642763013834
"paula badosa",86.1266666666667,6.5305648610914,2.88928963714487,0.533333333333333,0.306666666666667,150,-0.00929272372709955,0.3870692403883,-0.00331068115044003,-0.000116502841313704,0.315959390393766,0.6129307596117,0.309977347817107,0.30678316950798,0.846732217510796
"petra kvitova",91.3076923076923,3.90069027421873,2.78162725324779,0.505494505494505,0.384615384615385,91,0.0455856192479257,0.391367430446196,0.00163072152130189,0.000741415298902093,0.339029765367459,0.608632569553804,0.382984663094083,0.383873969316483,-0.441477564536631
"petra martic",84.8391608391608,7.27977165487957,2.89072796307407,0.468531468531469,0.258741258741259,143,-0.0514421747745521,-0.622893975760567,-0.0216064687091965,0.000235884548067222,0.310183433515811,0.622893975760567,0.280347727450455,0.258505374193192,1.13673301762992
"peyton stearns",80.2372881355932,7.94067529917113,2.88575689707488,0.508474576271186,0.305084745762712,118,0.0137950765105108,0.455728245741404,0.00686893564285218,-0.000285972478026031,0.291289669252201,0.544271754258596,0.29821581011986,0.305370718240738,1.3584849320328
"qinwen zheng",82.940625,6.28773794865624,2.84677051865011,0.5125,0.31875,320,0.0152080103056511,0.477253508279815,-0.00117859272290272,-0.00141852498054507,0.303541989694349,0.522746491720185,0.319928592722903,0.320168524980545,0.622501030785789
"rebecca marino",80.6756756756757,5.57302059556203,2.08450988068891,0.567567567567568,0.432432432432432,37,0.136111332377838,0.467488937377703,0.0893621036198925,0.00095184590365438,0.296321100054595,0.532511062622297,0.34307032881254,0.431480586528778,-1.70028739999341
"rebecca peterson",84.2459016393443,6.22536675681285,2.40697200146984,0.491803278688525,0.426229508196721,61,0.116748860639472,0.384060779479642,0.0675771196545907,0.000621826922307223,0.309480647557249,0.615939220520358,0.358652388542131,0.425607681274414,-0.567822203205862
"rebeka masarova",88.125,6.96770500548626,2.29771862615528,0.583333333333333,0.291666666666667,24,-0.032799044219878,0.245571759814027,0.00143901818863207,0.000383029381434141,0.324465710886545,0.754428240185973,0.290227648478035,0.291283637285233,-0.549628524703635
"renata zarazua",75.8863636363636,4.62659606195607,2.60028721484492,0.681818181818182,0.227272727272727,44,-0.0499795694426098,-0.288340770995941,-0.02704487570391,-0.000524751164696441,0.277252296715337,0.288340770995941,0.254317602976637,0.227797478437424,-0.718961409122783
"sara errani",69.5428571428571,6.62589775112802,2.79075526174599,0.428571428571429,0.257142857142857,35,0.0071785083022913,-0.23023943732368,-0.0193328035871758,5.9500762394471e-05,0.249964348840566,0.23023943732368,0.276475660730033,0.257083356380463,0.537862804439948
"sara sorribes tormo",77.1971830985916,4.34780640359467,2.47166920895983,0.507042253521127,0.366197183098592,71,0.0832826624650751,0.680528534766695,0.0503398023724953,0.00166957017401576,0.282914520633516,0.319471465233305,0.315857380726096,0.364527612924576,-1.1641667390389
"shelby rogers",83.7692307692308,5.75255244189168,2.72030965419169,0.509615384615385,0.278846153846154,104,-0.0286542411661617,-0.531227340486371,-0.00513050946672439,-0.000232806572547317,0.307500395012316,0.531227340486371,0.283976663312878,0.279078960418701,0.0804727009860939
"shuai zhang",81.3389830508475,5.5912806795616,2.61381247660207,0.508474576271186,0.288135593220339,59,-0.00998782034791473,-0.47332107200962,-0.00403907263502828,0.000867401644334964,0.298123413568254,0.47332107200962,0.292174665855367,0.287268191576004,-0.278670438489965
"simona halep",79.1754385964912,7.46210140600379,2.94409676249636,0.456140350877193,0.140350877192982,57,-0.147029454812016,-0.479315328679814,-0.0849540680343516,-0.00182771787308811,0.287380332004999,0.479315328679814,0.225304945227334,0.142178595066071,1.32174951733818
"sloane stephens",79.0222222222222,6.27416720604043,2.54555804204435,0.540740740740741,0.22962962962963,135,-0.0587830978048337,-0.463094417686635,-0.0184940930079132,0.000272789376753346,0.288412727434463,0.463094417686635,0.248123722637543,0.229356840252876,-0.20555568828949
"sofia kenin",84.4528301886792,5.21377676010613,2.77442147280883,0.537735849056604,0.226415094339623,106,-0.0841878535174775,-0.509190123534245,-0.0356447822534876,-0.000471625125633091,0.3106029478571,0.509190123534245,0.26205987659311,0.226886719465256,0.0177289459053085
"sorana cirstea",82.3244680851064,6.03076224854216,2.59861897329039,0.452127659574468,0.356382978723404,188,0.0546880227094473,0.472334334960774,0.0320247517480126,0.00113664345538361,0.301694956013957,0.527665665039226,0.324358226975392,0.355246335268021,-0.142558184911357
"tamara korpatsch",77.5151515151515,5.77326044194579,2.8544195769919,0.439393939393939,0.257575757575758,66,-0.0247829557224057,-0.352561366942983,-0.00600388071679286,3.9286685712403e-05,0.282358713298163,0.352561366942983,0.26357963829255,0.257536470890045,0.414650252696881
"tamara zidansek",84.0606060606061,3.92857634789145,2.46685927008689,0.575757575757576,0.515151515151515,33,0.204526357730077,0.53251082614857,0.11462026676394,0.00019891514922632,0.310625157421439,0.46748917385143,0.400531248387576,0.514952600002289,-1.30622258311859
"tatjana maria",78.8205128205128,8.23792873624614,2.77245621256516,0.384615384615385,0.230769230769231,78,-0.0547970433316454,-0.541358409032302,-0.027347133732719,-0.000373990489886344,0.285566274100876,0.541358409032302,0.25811636450195,0.231143221259117,1.16540145972255
"taylor townsend",82.4285714285714,6.25526412694307,2.40590570016266,0.445378151260504,0.243697478991597,119,-0.0585192363646553,-0.571660450088609,-0.0512259851035342,-0.000208333510310715,0.302216715356252,0.571660450088609,0.294923464095131,0.243905812501907,-0.568127368736613
"tereza martincova",84.0344827586207,4.58633652915055,2.31218150147834,0.379310344827586,0.275862068965517,29,-0.0343340659859306,-0.528687745425499,0.00149617659836665,0.000729293658815577,0.310196134951448,0.528687745425499,0.274365892367151,0.275132775306702,-1.46181052446577
"varvara gracheva",78.6048387096774,6.1602166422509,2.62950750449208,0.411290322580645,0.330645161290323,124,0.0439279328421806,0.56670459192713,0.0512441807452105,0.00155429782405975,0.286717228448142,0.43329540807287,0.279400980545112,0.329090863466263,-0.0283505973661049
"veronika kudermetova",82.6387096774194,6.65951508605538,2.77358383424091,0.470967741935484,0.348387096774194,155,0.0462537249853234,0.452405361289307,0.0187204841313791,0.000758473527046943,0.30213337178887,0.547594638710693,0.329666612642814,0.347628623247147,0.571079916844119
"victoria azarenka",82.5,5.96345885623894,2.70647234903684,0.565217391304348,0.266304347826087,184,-0.035979798086719,-0.512444265155312,-0.0214072955360555,-0.000277992175972963,0.302284145912806,0.512444265155312,0.287711643362142,0.26658234000206,0.119578557993443
"viktorija golubic",76.08,6.18701734872866,2.48330116623725,0.46,0.22,50,-0.0568634657791103,-0.391249847511946,-0.0302817014039487,0.000251026153564454,0.27686346577911,0.391249847511946,0.250281701403949,0.219748973846436,-0.420374694889848
"viktoriya tomova",75.8947368421053,4.09871089611811,2.37129254578065,0.447368421052632,0.236842105263158,38,-0.0412543871782668,-0.290323899787329,-0.0269083960279344,6.60066541872395e-05,0.278096492441425,0.290323899787329,0.263750501291092,0.236776098608971,-1.53562408509376
"yafan wang",81.1578947368421,4.41226361128147,2.53952636561686,0.5,0.289473684210526,76,-0.00905835132944527,-0.410129967051898,0.00147916079918137,-4.41654732352692e-05,0.298532035539972,0.410129967051898,0.287994523411345,0.289517849683762,-0.938158358753946
"yulia putintseva",76.990099009901,6.6655758183445,2.52598834847905,0.504950495049505,0.356435643564356,101,0.0764247331550815,0.56393087755658,0.0455709154694549,0.00154735339750156,0.280010910409275,0.43606912244342,0.310864728094902,0.354888290166855,-0.115065145357968
"yuliia starodubtseva",74.8461538461538,6.01792195158633,2.31432048670618,0.230769230769231,0.115384615384615,26,-0.156972145099767,-0.374486972058104,-0.084452660990278,-0.000749268210851223,0.272356760484382,0.374486972058104,0.199837276374893,0.116133883595467,-0.943140704305493
