"ServerName","serve_efficiency","avg_speed","sd_speed","location_entropy","modal_locationWB_DNCTL","modal_locationWBC_DNCTL","modal_locationWBW_DNCTL","modal_locationWC_DNCTL","modal_locationWW_DCTL","overperf_lm","overperf_rf","overperf_xgb","pred_lm","pred_rf","pred_xgb","rf_weighted_baseline"
"adam walton",0.294117647058824,-0.754728896191222,-0.24547141123504,-0.516624874820969,-0.109766251701977,-0.251620477537952,2.13056831791084,-1.5698157080643,-0.192467983241925,-0.414681454811877,-0.472393755065036,-0.364169577744684,0.386142644363382,0.393464188906418,0.378036022186279,-0.178602455434372
"adrian mannarino",0.374576271186441,-1.17858409584835,0.768326094665456,0.829884811568678,-0.109766251701977,-0.251620477537952,-0.46654780684179,0.6332029746814,-0.192467983241925,-0.0540381399505799,-0.0994342148338531,0.0345571618982844,0.386568270407991,0.395487735995526,0.366613000631332,-0.368026929994613
"alejandro davidovich fokina",0.422330097087379,0.0690348333291055,-0.734627652647985,1.97499230804291,-0.109766251701977,3.95044149734585,-0.46654780684179,-1.5698157080643,-0.192467983241925,0.0238773355340162,-0.0254794508532906,0.389293218588764,0.41703130276547,0.42768854076558,0.332622289657593,0.0355973368480754
"alejandro tabilo",0.519125683060109,-0.891256108024369,0.912472438131755,1.74458407132046,-0.109766251701977,-0.251620477537952,-0.46654780684179,0.6332029746814,-0.192467983241925,0.562366300561271,0.572228338575272,0.809922960087781,0.394326860511358,0.398783477061173,0.33248895406723,-0.254911797355883
"aleksandar kovacevic",0.401639344262295,0.223727135758176,0.76667688205015,-0.545065185324863,-0.109766251701977,-0.251620477537952,-0.46654780684179,0.6332029746814,-0.192467983241925,-0.0985946962532111,0.0252141754793564,0.199729222762783,0.423519215068337,0.396336689194242,0.355614215135574,0.0325919957804405
"aleksandar vukic",0.329268292682927,-0.60341685076724,0.0120711277131427,-1.64418476406703,-0.109766251701977,-0.251620477537952,2.13056831791084,-1.5698157080643,-0.192467983241925,-0.308773832966289,-0.474085270028818,-0.223053542878538,0.397790554329114,0.428970567772829,0.380668222904205,-0.160771066539361
"alex de minaur",0.353059177532598,-0.457445655097277,0.152391040578407,0.560649170049515,-0.109766251701977,3.95044149734585,-0.46654780684179,-1.5698157080643,-0.192467983241925,-0.306862601861485,-0.315096968229846,-0.287385831786409,0.421157303893189,0.419325494148038,0.41928368806839,-0.164880130256167
"alex michelsen",0.329545454545455,0.256012373032345,-0.725598058567618,1.4889109793313,-0.109766251701977,-0.251620477537952,2.13056831791084,-1.5698157080643,-0.192467983241925,-0.556803320654379,-0.434350398440358,-0.626629942430324,0.453109755499385,0.420891306543929,0.473944574594498,0.187868414921978
"alex molcan",0.404651162790698,-0.537951875060392,-0.691844055211417,0.153748041619189,-0.109766251701977,-0.251620477537952,-0.46654780684179,0.6332029746814,-0.192467983241925,0.0444583772539013,0.058078256240792,0.215060021365466,0.394785078837627,0.392437042997207,0.355093240737915,-0.186253097591842
"alexander bublik",0.513064133016627,0.829131076018034,3.62593539857628,0.0401904908145737,-0.109766251701977,-0.251620477537952,-0.46654780684179,0.6332029746814,-0.192467983241925,0.149993171189569,0.359351868942417,0.455584672939229,0.479778050375955,0.437490810755024,0.408080279827118,0.236120788907447
"alexander shevchenko",0.360169491525424,-0.458343858856627,-0.372900751949218,-1.1250784260934,-0.109766251701977,-0.251620477537952,2.13056831791084,-1.5698157080643,-0.192467983241925,-0.130627683785296,-0.297823157066135,0.0263476902274911,0.389158037091552,0.422803047577789,0.354097992181778,-0.10217344286118
"alexander zverev",0.390794223826715,2.32914834536628,0.794753706413327,-0.368022267728917,-0.109766251701977,-0.251620477537952,-0.46654780684179,0.6332029746814,-0.192467983241925,-0.418489377991747,-0.420367876010613,-0.526676982221361,0.483664265239943,0.479199488159058,0.512160420417786,0.692210381639458
"alexandre muller",0.321678321678322,-0.884582431213367,0.210821246487462,0.645830962648204,-0.109766251701977,-0.251620477537952,-0.46654780684179,0.6332029746814,-0.192467983241925,-0.296639738919678,-0.425871911035126,-0.332130616131593,0.387507817687234,0.411241109453832,0.398213714361191,-0.281332353471196
"alexei popyrin",0.4551201011378,0.86003738959433,0.280457526356584,0.479256860590871,-0.109766251701977,-0.251620477537952,-0.46654780684179,0.6332029746814,-0.192467983241925,0.0673773253717239,0.153235921958172,0.143639834999363,0.440167905630205,0.422893894143857,0.422020077705383,0.257123639649792
"andreas seppi",0.444897959183673,-0.925760807184244,-0.019634601812245,-0.646614649308484,-0.109766251701977,-0.251620477537952,-0.46654780684179,-1.5698157080643,5.16455755032498,0.175110907178095,0.179131602440715,0.299314317458542,0.406037815875906,0.407225773539193,0.375924676656723,-0.374947483637614
"andrey rublev",0.418218085106383,-0.301315599485632,1.98553250674609,-0.328961776402065,-0.109766251701977,-0.251620477537952,-0.46654780684179,0.6332029746814,-0.192467983241925,-0.0465166453234842,0.0928935012486158,0.0356251986044532,0.428540934394284,0.398682161927435,0.410008698701859,-0.125151539420137
"andy murray",0.312757201646091,-0.0564108006107852,0.87714178870692,-0.534489415621365,-0.109766251701977,-0.251620477537952,-0.46654780684179,0.6332029746814,-0.192467983241925,-0.44132430981445,-0.440820073559212,-0.328555065739444,0.410694709942755,0.405463655564137,0.388468652963638,-0.0542886363348873
"arthur cazaux",0.272727272727273,-0.445175272162529,1.58171769630038,-0.31834971174368,-0.109766251701977,3.95044149734585,-0.46654780684179,-1.5698157080643,-0.192467983241925,-0.69080959026773,-0.862982864090075,-0.545712497183671,0.426029885961305,0.454216469614048,0.398479968309402,-0.183860011002207
"arthur fils",0.391011235955056,0.618130723756986,-0.779031621731578,0.506397142609678,-0.109766251701977,-0.251620477537952,-0.46654780684179,0.6332029746814,-0.192467983241925,-0.137027751776481,-0.146330234432175,-0.113574355867479,0.421420067460678,0.421785145649487,0.417183041572571,0.182566913674862
"arthur rinderknech",0.454545454545455,0.873646366413107,0.404900200644435,0.229528253384629,-0.109766251701977,-0.251620477537952,-0.46654780684179,0.6332029746814,-0.192467983241925,0.0524820289842807,0.120995711992396,0.101840375724956,0.442898783299915,0.429099509428807,0.431077599525452,0.254880723255061
"aslan karatsev",0.473314606741573,0.379803647081478,-0.984985432469564,1.40295223633148,-0.109766251701977,-0.251620477537952,2.13056831791084,-1.5698157080643,-0.192467983241925,0.265904475744523,0.343787010024084,0.256175965412818,0.414305797980736,0.401014644661603,0.414282023906708,0.22415225943601
"ben shelton",0.438692098092643,1.42816984130654,-0.0646875489081009,0.481482322227581,-0.109766251701977,-0.251620477537952,-0.46654780684179,0.6332029746814,-0.192467983241925,-0.0700582923941148,0.0438923067589445,0.0324572630514409,0.454239246618142,0.429461347593804,0.431212723255157,0.433935494827488
"benjamin bonzi",0.425986842105263,0.619595705978781,-0.590102749995624,0.631993853974266,-0.109766251701977,-0.251620477537952,-0.46654780684179,0.6332029746814,-0.192467983241925,-0.00251884518634122,0.0854161968775896,0.108881962044257,0.42654581747972,0.408023429831971,0.400896340608597,0.186280117975212
"benoit paire",0.533742331288344,-0.688105199562227,1.21126212691626,1.20492077059763,-0.109766251701977,-0.251620477537952,-0.46654780684179,0.6332029746814,-0.192467983241925,0.596696830092294,0.610810433076478,0.419034058441205,0.401324969615411,0.405286136429829,0.437181115150452,-0.205705139448383
"bernabe zapata miralles",0.487179487179487,-1.04050744961847,0.56560186922349,-0.074299611554919,-0.109766251701977,-0.251620477537952,-0.46654780684179,0.6332029746814,-0.192467983241925,0.470372847642244,0.511297057836242,0.570101624170608,0.38279560520422,0.379651404921315,0.355806618928909,-0.348519884157677
"borna coric",0.354838709677419,-0.0374871559297723,0.149649887706246,-2.34186154853652,-0.109766251701977,-0.251620477537952,-0.46654780684179,0.6332029746814,-0.192467983241925,-0.264313372757987,-0.338826055038267,-0.169528464364962,0.413494425126877,0.426095360501011,0.393904447555542,-0.0952765190207406
"borna gojo",0.433734939759036,1.21087187099741,1.17502460659476,0.296495297107088,-0.109766251701977,-0.251620477537952,-0.46654780684179,0.6332029746814,-0.192467983241925,-0.105968588418809,-0.050297470374191,0.069348991884151,0.457251204955976,0.444312725116655,0.417754322290421,0.361533235035808
"botic van de zandschulp",0.393313667649951,0.500070790476539,0.121860622090986,-0.0333247281242022,-0.109766251701977,-0.251620477537952,-0.46654780684179,0.6332029746814,-0.192467983241925,-0.151098958743665,-0.135829500416105,-0.306727852706717,0.426845143701648,0.42187922551887,0.463995307683945,0.131838762705438
"brandon nakashima",0.379603399433428,0.802274716681211,-0.0838387883383725,0.58096774502514,-0.109766251701977,-0.251620477537952,-0.46654780684179,0.6332029746814,-0.192467983241925,-0.223096824373493,-0.180038927037027,-0.215697694822514,0.429112448905968,0.4174663995415,0.429308265447617,0.24179077930999
"cameron norrie",0.449248120300752,-0.581060129579487,0.199459528136785,-0.171424490623564,-0.109766251701977,-0.251620477537952,-0.46654780684179,0.6332029746814,-0.192467983241925,0.234610085339028,0.26709770019525,0.468932864837883,0.397184078804754,0.393076266703343,0.341188341379166,-0.208098240597985
"carlos alcaraz",0.370478413068845,0.302498804950114,-0.444288906614553,0.699594310389002,-0.109766251701977,-0.251620477537952,-0.46654780684179,0.6332029746814,-0.192467983241925,-0.201248676550735,-0.184324892970286,-0.223339854238316,0.41513898011911,0.409242771184681,0.421944320201874,0.0893799930754523
"carlos taberner",0.584,0.543399853055693,-0.153445071289045,-0.00480331549678943,-0.109766251701977,-0.251620477537952,-0.46654780684179,0.6332029746814,-0.192467983241925,0.728064582862707,0.788573784280758,0.749635601835793,0.422429858634792,0.418159368916343,0.411255747079849,0.146058774415433
"casper ruud",0.372837370242215,0.21130161236473,-0.30982380807645,0.170320505280736,-0.109766251701977,-0.251620477537952,-0.46654780684179,0.6332029746814,-0.192467983241925,-0.204595759771975,-0.168012181081413,-0.177602122171145,0.418240713032361,0.408171091316517,0.413763582706451,0.0472802021372507
"christopher eubanks",0.428015564202335,0.526581977305611,-1.02648075218509,-1.99449310646619,-0.109766251701977,-0.251620477537952,-0.46654780684179,0.6332029746814,-0.192467983241925,0.0907546469644265,-0.0137859887551091,0.0327143656343578,0.40787553612689,0.430914819948383,0.420476943254471,0.0892226734775117
"constant lestienne",0.317204301075269,-1.40671955677915,-0.844158299674601,0.612608736512319,-0.109766251701977,-0.251620477537952,-0.46654780684179,-1.5698157080643,5.16455755032498,-0.403001049184802,-0.332719055090158,-0.0864132480550602,0.406637214060949,0.387176622206939,0.337117165327072,-0.491921906748162
"corentin moutet",0.381031613976705,-1.47229024756612,-0.0932861011818246,0.262523293578485,-0.109766251701977,-0.251620477537952,-0.46654780684179,0.6332029746814,-0.192467983241925,0.0565397688501692,-0.0712853106014017,-0.105916454695157,0.368484459972923,0.396023236996375,0.405438750982285,-0.474117984375994
"cristian garin",0.477922077922078,-0.445175272162529,0.866849973595206,1.4042413626078,-0.109766251701977,-0.251620477537952,2.13056831791084,-1.5698157080643,-0.192467983241925,0.287818258842838,0.306309588029699,0.0418163916950569,0.414050221134485,0.413503787080527,0.468286007642746,-0.0324770546287548
"daniel altmaier",0.301282051282051,-0.161724508777513,-0.333070122575067,-0.555528309862709,-0.109766251701977,-0.251620477537952,-0.46654780684179,0.6332029746814,-0.192467983241925,-0.478297867762385,-0.521413052235876,-0.271249819278055,0.407424632487129,0.410937572885426,0.363788217306137,-0.0875988946901515
"daniel evans",0.415410385259631,-0.0171876012520246,-0.764686822051297,0.964288100976972,-0.109766251701977,-0.251620477537952,-0.46654780684179,0.6332029746814,-0.192467983241925,0.0308547381677522,0.00326829684086721,-0.0680771596038333,0.408563184441335,0.414723047661727,0.43109792470932,-0.00321402802841434
"daniil medvedev",0.370393504059963,0.552564191287644,0.790901794667572,-0.94477408010644,-0.109766251701977,-0.251620477537952,-0.46654780684179,0.6332029746814,-0.192467983241925,-0.284689560264219,-0.280248191916694,-0.390445649470974,0.433571048442399,0.429330965504878,0.460366874933243,0.12453121571655
"david goffin",0.425373134328358,-1.8329158164713,-0.128149745741978,0.121090644678828,-0.109766251701977,-0.251620477537952,2.13056831791084,-1.5698157080643,-0.192467983241925,0.294480268767403,0.112289503689004,0.0899712324942323,0.360022862149295,0.401758144168826,0.404640376567841,-0.497502295429242
"denis kudla",0.544973544973545,-0.0316343858537223,-0.770403285908333,0.0375574074216044,-0.109766251701977,-0.251620477537952,-0.46654780684179,0.6332029746814,-0.192467983241925,0.63982460907805,0.662780930616685,0.694616290454814,0.402985382149845,0.405587719582537,0.384907811880112,-0.0317439556242969
"denis shapovalov",0.445065176908752,0.927392130488355,-0.401585055790963,-0.622231666028122,-0.109766251701977,-0.251620477537952,-0.46654780684179,0.6332029746814,-0.192467983241925,0.0513247682590259,0.00786802572463684,-0.233350907505519,0.433675321862457,0.443410495536423,0.498838007450104,0.249510886264882
"diego schwartzman",0.331699346405229,-1.11382872502422,-0.692111468539935,1.37638064684004,-0.109766251701977,-0.251620477537952,-0.46654780684179,0.6332029746814,-0.192467983241925,-0.170039430462993,-0.465978014198401,-0.140408072187762,0.369434041189504,0.429696628950268,0.364054650068283,-0.333706904361105
"dominic stricker",0.378378378378378,-0.0382151302631089,0.938556419259887,0.0791412049720676,-0.109766251701977,-0.251620477537952,-0.46654780684179,0.6332029746814,-0.192467983241925,-0.207602296002636,-0.197910953175627,-0.106407105683767,0.424448923632758,0.419999946362597,0.402898579835892,-0.0327128182199091
"dominic thiem",0.352173913043478,0.303528236347023,-0.0335234431330563,-0.256622076197979,-0.109766251701977,-0.251620477537952,-0.46654780684179,0.6332029746814,-0.192467983241925,-0.3012419947396,-0.304308252718296,-0.321423287619799,0.41902472933211,0.41617131402327,0.426241934299469,0.0649002083174139
"dominik koepfer",0.269607843137255,-0.306274011727197,-2.99084259432677,0.91473435178161,-0.109766251701977,-0.251620477537952,2.13056831791084,-1.5698157080643,-0.192467983241925,-0.684819778119416,-0.687934117183644,-0.691663601122396,0.421581213309155,0.414283497352378,0.428993165493011,-0.00195854773121032
"dusan lajovic",0.472727272727273,-0.687544643837062,-0.350927672071932,-0.018608722454015,-0.109766251701977,-0.251620477537952,-0.46654780684179,0.6332029746814,-0.192467983241925,0.387368108624403,0.355593942110446,0.314213925786611,0.386763580021978,0.397944259463766,0.400320559740067,-0.237263726704772
"egor gerasimov",0.49438202247191,1.61186281375751,-1.49238986031614,-2.16175690639718,-0.109766251701977,-0.251620477537952,-0.46654780684179,0.6332029746814,-0.192467983241925,0.254411792926274,0.221077312538288,0.0196573910838857,0.437923639087224,0.447888464404838,0.489852219820023,0.422530984797001
"emil ruusuvuori",0.456692913385827,0.813954624996505,0.906214761211959,-0.446475688122559,-0.109766251701977,3.95044149734585,-0.46654780684179,-1.5698157080643,-0.192467983241925,-0.0069426053840202,0.214994550506258,0.275257138568182,0.458233597769798,0.411478587667372,0.393263310194016,0.204550294459587
"fabian marozsan",0.381374722838137,-0.00672237144421138,-1.5198999921912,0.852331613768703,-0.109766251701977,-0.251620477537952,-0.46654780684179,0.6332029746814,-0.192467983241925,-0.122693298813814,-0.187110628220615,-0.154331264264725,0.408602490951739,0.420724933668274,0.416938453912735,-0.00286180509027844
"fabio fognini",0.44987146529563,-0.409498556780597,-0.911708438685269,1.00706901020163,-0.109766251701977,3.95044149734585,-0.46654780684179,-1.5698157080643,-0.192467983241925,0.256308986779147,0.19900885936432,0.0739868609213605,0.392992061734683,0.408019002677538,0.432822108268738,-0.138384930762124
"facundo bagnis",0.487972508591065,0.334487137336136,-1.4573760783333,0.540821922057017,-0.109766251701977,-0.251620477537952,-0.46654780684179,0.6332029746814,-0.192467983241925,0.322088935442784,0.329377805669192,0.285351291774322,0.416495395081379,0.41870286731463,0.422216832637787,0.0952141622813805
"facundo diaz acosta",0.384057971014493,-0.667184894319301,-0.984554122802007,-0.653611899961752,-0.109766251701977,-0.251620477537952,-0.46654780684179,0.6332029746814,-0.192467983241925,0.0252467536656072,-0.029471372204017,-0.0989108593345045,0.378455279090205,0.39025593379571,0.406850755214691,-0.247398712227365
"federico coria",0.374558303886926,-0.0778962207609723,-0.164761848616094,0.131633000154854,-0.109766251701977,-0.251620477537952,-0.46654780684179,0.6332029746814,-0.192467983241925,-0.16940280624609,-0.164491937556856,-0.370395286656196,0.412151720730834,0.409151701836978,0.459911316633224,-0.0436967666182679
"federico delbonis",0.375,0.123726198418296,-2.0252748005489,-1.33889955120323,-0.109766251701977,-0.251620477537952,-0.46654780684179,0.6332029746814,-0.192467983241925,-0.0640859827389589,-0.181895029131245,-0.0104986885440893,0.389221789569751,0.413253346767822,0.377419292926788,-0.0191083057584486
"feliciano lopez",0.595238095238095,2.23141916594452,-0.378202058302542,-0.725037521067555,-0.109766251701977,-0.251620477537952,-0.46654780684179,0.6332029746814,-0.192467983241925,0.576573650814486,0.762550466491544,0.430510660900249,0.467286415590031,0.434870285507471,0.496032238006592,0.652546026790405
"filip krajinovic",0.408653846153846,0.0869089051270034,-0.536331178993054,-0.944703451472963,-0.109766251701977,-0.251620477537952,-0.46654780684179,0.6332029746814,-0.192467983241925,0.0120061856684738,-0.000789679717542709,-0.0326658883458971,0.405989465601114,0.408819919367693,0.416181296110153,-0.0203389761685973
"flavio cobolli",0.346504559270517,-1.03823827282762,0.936976770579212,0.465457698308129,-0.109766251701977,-0.251620477537952,2.13056831791084,-1.5698157080643,-0.192467983241925,-0.212199333068793,-0.271640547974659,-0.231033915102954,0.393595266672765,0.403631794289008,0.399743467569351,-0.241335368975619
"frances tiafoe",0.385586533403472,0.0229806001525902,2.17626760571726,0.292316572316529,-0.109766251701977,-0.251620477537952,-0.46654780684179,0.6332029746814,-0.192467983241925,-0.238459276961376,-0.204471209463338,-0.135081265937825,0.438504777190315,0.428587752936488,0.41671434044838,-0.00814511743346818
"francisco cerundolo",0.407216494845361,-0.772556964805617,-0.436704406519846,0.352815690594611,-0.109766251701977,-0.251620477537952,2.13056831791084,-1.5698157080643,-0.192467983241925,0.0985454826317288,0.0792327063898788,0.233132392795785,0.385347545394329,0.390553498570195,0.353494018316269,-0.161599551010299
"gabriel diallo",0.387755102040816,1.4732764135932,-0.182646866665385,0.475796998047842,-0.109766251701977,-0.251620477537952,-0.46654780684179,0.6332029746814,-0.192467983241925,-0.293001480097508,-0.208135610854902,-0.15859654238483,0.4527772054007,0.431526961749089,0.424301713705063,0.447821342649406
"gael monfils",0.390048154093098,0.610672948226001,-0.489088927073532,-0.0803677834368319,-0.109766251701977,-0.251620477537952,-0.46654780684179,0.6332029746814,-0.192467983241925,-0.15076961944967,-0.147121840905682,-0.37113089511606,0.423506544051143,0.420988542206864,0.475570678710938,0.165028586496303
"gianluca mager",0.558823529411765,1.03354794084566,1.40197425804568,0.0766131261401393,-0.109766251701977,-0.251620477537952,-0.46654780684179,0.6332029746814,-0.192467983241925,0.498598134504367,0.639206147528223,0.616356631169994,0.448175967406279,0.424395587459168,0.416791766881943,0.30066244431445
"grigor dimitrov",0.382882882882883,0.614100311283199,1.23694268313812,0.247161074580614,-0.109766251701977,-0.251620477537952,-0.46654780684179,0.6332029746814,-0.192467983241925,-0.26694451742535,-0.200615641785895,-0.178478913487495,0.442122494906716,0.425073259106676,0.424011141061783,0.174589549028509
"guido pella",0.361216730038023,0.0113708343223998,-0.210813950038126,-1.11817883922228,-0.109766251701977,-0.251620477537952,-0.46654780684179,0.6332029746814,-0.192467983241925,-0.188484717449195,-0.241196925669594,-0.169371090024115,0.403044753485759,0.411941533684604,0.400246202945709,-0.0483391411072508
"hamad medjedovic",0.487603305785124,1.25483537798499,0.0820749663618941,-0.322816677566431,-0.109766251701977,-0.251620477537952,-0.46654780684179,0.6332029746814,-0.192467983241925,0.174597885980021,0.258613214442598,0.187506821434217,0.448857010766983,0.433215777890253,0.444394677877426,0.359148677186176
"henri laaksonen",0.483516483516484,-0.545468407320195,2.7581815317977,1.13385999788077,-0.109766251701977,-0.251620477537952,-0.46654780684179,0.6332029746814,-0.192467983241925,0.244904052550768,0.371085755309985,0.0371718041246585,0.429168032399748,0.405475471916163,0.474950700998306,-0.163171796567635
"holger rune",0.354570637119114,0.155608417909551,-1.21926827359756,0.0219565040957043,-0.109766251701977,-0.251620477537952,2.13056831791084,-1.5698157080643,-0.192467983241925,-0.376136562463971,-0.266006548874577,-0.500804653082525,0.438041855195639,0.410513016661925,0.469974875450134,0.118584947918356
"hubert hurkacz",0.470941883767535,0.341701945695055,0.806696661552753,0.133339772256689,-0.109766251701977,-0.251620477537952,-0.46654780684179,0.6332029746814,-0.192467983241925,0.20283729133672,0.267122022334396,0.259900211289484,0.425928775580689,0.414764915114331,0.411051094532013,0.0868904941599447
"hugo dellien",0.306666666666667,-0.578813649827088,-0.713388289001791,0.28674672842619,-0.109766251701977,-0.251620477537952,-0.46654780684179,0.6332029746814,-0.192467983241925,-0.349796358770954,-0.48664868460848,-0.368863941162594,0.384292537318743,0.409011084627647,0.391666799783707,-0.195516378393
"hugo gaston",0.391304347826087,-1.79938559920943,0.531308088973049,0.776766478550034,-0.109766251701977,-0.251620477537952,2.13056831791084,-1.5698157080643,-0.192467983241925,-0.0262964542440264,0.0471118242316863,-0.286743457886746,0.397139986490044,0.381396518250937,0.457380831241608,-0.470065212043129
"ilya ivashka",0.444743935309973,0.207720831259788,1.36998474589574,0.636333550602028,-0.109766251701977,-0.251620477537952,2.13056831791084,-1.5698157080643,-0.192467983241925,-0.055982889996703,0.0615590908024514,0.187140065432229,0.457167508250762,0.431797780275253,0.40161982178688,0.150732109187541
"jack draper",0.408856848609681,-0.134639696105702,1.39079148553497,-0.0428111771115302,-0.109766251701977,-0.251620477537952,-0.46654780684179,0.6332029746814,-0.192467983241925,-0.0250900902508137,-0.0373557215784546,0.0372566903210698,0.41442477420874,0.41671292570056,0.400271505117416,-0.0658747900806711
"jakub mensik",0.394557823129252,-0.0474843849805401,2.87821018509992,0.851040792214037,-0.109766251701977,-0.251620477537952,2.13056831791084,-1.5698157080643,-0.192467983241925,-0.230821522949751,-0.320108877037556,-0.0658358682071708,0.44578111701135,0.46187816682012,0.40972888469696,0.0769026774376635
"james duckworth",0.476584022038567,-0.376809148072741,0.606764750800965,-0.769947277326826,-0.109766251701977,-0.251620477537952,2.13056831791084,-1.5698157080643,-0.192467983241925,0.325124180299894,0.356539129881025,0.289779369854946,0.404433335123191,0.401602231514784,0.409807950258255,-0.0675962843721423
"jannik sinner",0.364691508857666,0.332769504560209,0.979346535002493,0.964758670388939,-0.109766251701977,-0.251620477537952,-0.46654780684179,0.6332029746814,-0.192467983241925,-0.319443961444148,-0.26059618878837,-0.34005874850652,0.435581656824836,0.419496065220235,0.443053841590881,0.105674840454436
"jason kubler",0.476377952755905,-0.326468963173025,0.424417610315854,-0.0334423126099867,-0.109766251701977,-0.251620477537952,-0.46654780684179,0.6332029746814,-0.192467983241925,0.308923664380064,0.265132608205212,-0.0177237150725061,0.40782244092385,0.420619366885958,0.480462163686752,-0.125312633182727
"jaume munar",0.486187845303867,-0.557429904498787,1.12892675554291,0.916998322792917,-0.109766251701977,-0.251620477537952,2.13056831791084,-1.5698157080643,-0.192467983241925,0.331116834268847,0.476450442044838,0.497504213310909,0.412707284677138,0.385988163848731,0.371544152498245,-0.0800380228831936
"jenson brooksby",0.338870431893688,-0.938054855754567,-0.480129659576122,0.379580221548377,-0.109766251701977,-0.251620477537952,-0.46654780684179,0.6332029746814,-0.192467983241925,-0.174143987752806,-0.264241535880509,-0.0775187964126258,0.377515999033475,0.394441621226221,0.356733679771423,-0.30487376548121
"jeremy chardy",0.388349514563107,2.1910722735356,-1.47561094393258,0.218661375180147,-0.109766251701977,-0.251620477537952,-0.46654780684179,0.6332029746814,-0.192467983241925,-0.352525322313329,-0.375202192364814,-0.599956585501583,0.466580989492194,0.46725623148181,0.52660208940506,0.664468937989727
"jiri lehecka",0.424489795918367,0.915263209040207,-0.202040640210601,1.17997055395675,-0.109766251701977,-0.251620477537952,-0.46654780684179,0.6332029746814,-0.192467983241925,-0.0863839708819899,-0.0974714029315633,-0.0499629879870203,0.443659895268912,0.44498847251275,0.436003148555756,0.29247861974294
"jiri vesely",0.562841530054645,2.46773623344647,-1.52667792568354,0.536770705949512,-0.109766251701977,-0.251620477537952,-0.46654780684179,0.6332029746814,-0.192467983241925,0.486029152116983,0.461915559034613,0.530231603504947,0.454983242941726,0.465698600192311,0.440656214952469,0.758793415000322
"joao sousa",0.48951048951049,-1.55812100476196,0.110076390162571,1.32310549492279,-0.109766251701977,-0.251620477537952,-0.46654780684179,-1.5698157080643,5.16455755032498,0.445473640696215,0.407298248983161,0.337153608921223,0.39065217282276,0.403853826815009,0.411817610263824,-0.520597896905016
"john isner",0.512562814070352,2.09305963691293,-1.88061316556305,-0.607005806609022,-0.109766251701977,-0.251620477537952,-0.46654780684179,0.6332029746814,-0.192467983241925,0.253700438558958,0.307164670860296,0.253007438491644,0.456262292540772,0.447964695444665,0.454260379076004,0.612561621749917
"john millman",0.592592592592593,-2.04287496132834,1.6257065394672,-0.4438687201642,-0.109766251701977,-0.251620477537952,2.13056831791084,-1.5698157080643,-0.192467983241925,1,1,1,0.370675272112692,0.382288072724592,0.362154960632324,-0.577476156135264
"jordan thompson",0.44813829787234,-0.3125242913744,0.800699000049912,0.0957968921656292,-0.109766251701977,-0.251620477537952,-0.46654780684179,0.6332029746814,-0.192467983241925,0.159320404287561,0.147718404263916,0.0320413231854792,0.412782340655071,0.41707244978795,0.440754771232605,-0.117622348564025
"juncheng shang",0.333333333333333,-1.69677426738266,0.982060413155605,-0.107884958690769,-0.109766251701977,-0.251620477537952,-0.46654780684179,0.6332029746814,-0.192467983241925,-0.195091599690357,-0.338507768894591,-0.353772014517983,0.376627538384755,0.404523047142298,0.414855718612671,-0.553564939706636
"kamil majchrzak",0.485148514851485,0.287678016473716,-0.833726827813991,-0.92018192944502,-0.109766251701977,-0.251620477537952,-0.46654780684179,0.6332029746814,-0.192467983241925,0.343800201592978,0.350507913867346,0.219039213649226,0.408853295333522,0.411435116315678,0.434673637151718,0.0427591482891678
"karen khachanov",0.416581371545548,0.704781251823638,-0.709396360018357,0.519975845861055,-0.109766251701977,-0.251620477537952,-0.46654780684179,0.6332029746814,-0.192467983241925,-0.0392953616836102,0.0323706814604387,0.0385159664305133,0.425301692917663,0.40977367092321,0.407705843448639,0.209877304999092
"kei nishikori",0.296918767507003,-1.22521061767708,-1.28333969081132,-0.205103178443229,-0.109766251701977,-0.251620477537952,-0.46654780684179,0.6332029746814,-0.192467983241925,-0.322880279452855,-0.393448936754721,-0.382078830662866,0.368571493958982,0.37966285724378,0.384964108467102,-0.409376153434196
"kevin anderson",0.508403361344538,2.28929360047246,-0.201182386229505,-2.39017080133372,-0.109766251701977,-0.251620477537952,-0.46654780684179,0.6332029746814,-0.192467983241925,0.204242892600045,0.220085431631298,0.0101388967891665,0.463078325891672,0.462118400315376,0.506066977977753,0.627365343721203
"laslo djere",0.383895131086142,-0.146379265520494,-0.129203514418199,0.0749004280663559,-0.109766251701977,-0.251620477537952,-0.46654780684179,0.6332029746814,-0.192467983241925,-0.10354197270927,-0.109197374612575,-0.225785553806995,0.406872888226986,0.406859832524886,0.435924619436264,-0.066474215810972
"lloyd harris",0.465618860510805,1.39970772586292,-0.258416161344203,-1.18439955792904,-0.109766251701977,-0.251620477537952,-0.46654780684179,0.6332029746814,-0.192467983241925,0.108828502094605,0.121496273038796,-0.156884328234849,0.441467930934129,0.44006764514363,0.501770913600922,0.381874860074216
"lorenzo musetti",0.388297872340426,0.0521682691040309,0.0363208406808803,0.479247060032301,-0.109766251701977,-0.251620477537952,-0.46654780684179,0.6332029746814,-0.192467983241925,-0.133916475950295,-0.104394279084955,-0.109948529953062,0.418016257851426,0.410252461080353,0.413634151220322,0.00578374038143702
"lorenzo sonego",0.426666666666667,0.717049646430447,0.260856794527072,0.807035144823495,-0.109766251701977,-0.251620477537952,-0.46654780684179,-1.5698157080643,5.16455755032498,-0.114803198321308,-0.000293039595546561,-0.0778645206725211,0.452143484820654,0.42672829421811,0.444609582424164,0.173855653946346
"luca nardi",0.389830508474576,-1.42702690618947,-1.03326739320171,-3.75545414778787,-0.109766251701977,-0.251620477537952,2.13056831791084,-1.5698157080643,-0.192467983241925,0.196595809551568,0.00954706095922819,0.373466781717607,0.346202493201315,0.387822718403395,0.303769707679749,-0.471765001803416
"luca van assche",0.352459016393443,-0.446947923726137,1.14746068080977,1.66831885190914,9.05571576541314,-0.251620477537952,-0.46654780684179,-1.5698157080643,-0.192467983241925,-0.586647675958818,-0.4523412226787,-0.567571288305893,0.482646296707984,0.447588420045391,0.483248800039291,0.617287994158523
"luciano darderi",0.351851851851852,-1.03208788465999,0.962605232820146,-3.92095991888288,-0.109766251701977,-0.251620477537952,2.13056831791084,-1.5698157080643,-0.192467983241925,-0.276862912812245,-0.206679600798242,0.0146373581459484,0.413292527603406,0.395317506064236,0.348478853702545,-0.353186313281011
"mackenzie mcdonald",0.368794326241135,-0.149527433176227,-0.879422611319977,0.344864293172193,-0.109766251701977,-0.251620477537952,-0.46654780684179,0.6332029746814,-0.192467983241925,-0.124773568846168,-0.216168098428899,-0.0931459997635133,0.396483742306191,0.414255454392003,0.39025866985321,-0.0604519782133759
"marco cecchinato",0.453125,0.271489563439729,-2.6708797261163,0.964648283117743,9.05571576541314,-0.251620477537952,-0.46654780684179,-1.5698157080643,-0.192467983241925,0.526795533244296,0.370378025832322,0.486696557941719,0.336219946821646,0.375232827107676,0.340971797704697,0.822554052552315
"marcos giron",0.370879120879121,-0.782868761888794,1.91991703898124,0.335538709941603,-0.109766251701977,-0.251620477537952,-0.46654780684179,0.6332029746814,-0.192467983241925,-0.190623403488145,-0.271469650346087,-0.436049905413999,0.413181755801969,0.427970415353889,0.471361428499222,-0.257735394240145
"mariano navone",0.257731958762887,-1.00569324668614,-0.979222994665129,0.662351736045518,-0.109766251701977,-0.251620477537952,-0.46654780684179,0.6332029746814,-0.192467983241925,-0.502583886336073,-0.634081566879784,-0.466843293920581,0.369264028134963,0.391082178242689,0.365310221910477,-0.318583185083177
"marin cilic",0.403508771929825,0.660171458387413,1.11660473546039,0.164996914191208,-0.109766251701977,-0.251620477537952,-0.46654780684179,0.6332029746814,-0.192467983241925,-0.176896462836084,-0.0817846785058945,-0.0235167559419226,0.44276516096478,0.420708459475565,0.408927917480469,0.186791964585753
"marton fucsovics",0.472762645914397,0.257003204104606,-0.173704193189231,0.675756038494596,-0.109766251701977,-0.251620477537952,-0.46654780684179,0.6332029746814,-0.192467983241925,0.254035285108293,0.315231004732558,0.240551347340544,0.416387816135817,0.406468140816609,0.41733056306839,0.0746074004178945
"matteo arnaldi",0.339912280701754,-0.690550255126591,-0.646880246590217,0.509568312020537,-0.109766251701977,-0.251620477537952,-0.46654780684179,0.6332029746814,-0.192467983241925,-0.188348045174755,-0.229388299518131,-0.204623354679033,0.381709974204563,0.388153676895252,0.387065201997757,-0.224500221637441
"matteo berrettini",0.40020366598778,1.78502056528218,0.176743884831412,0.379047279986442,-0.109766251701977,-0.251620477537952,-0.46654780684179,0.6332029746814,-0.192467983241925,-0.289600395625562,-0.153118713076293,-0.115965166030584,0.464471009794924,0.432405223424096,0.426926404237747,0.542300146732891
"mattia bellucci",0.493827160493827,0.314993699625589,-0.419595980920991,-1.64250357349743,-0.109766251701977,-0.251620477537952,-0.46654780684179,0.6332029746814,-0.192467983241925,0.343215236840724,0.373233103220553,0.646234239588301,0.417661754786259,0.415334551922185,0.344910472631454,0.032523595545644
"max purcell",0.397515527950311,-0.146840773368856,-0.099900780453525,0.301859255252381,-0.109766251701977,-0.251620477537952,-0.46654780684179,0.6332029746814,-0.192467983241925,-0.0495246920373686,-0.0412624066746754,-0.000230108838475559,0.408505914904836,0.406193198574626,0.397568553686142,-0.0607314818034825
"maximilian marterer",0.4,1.19152654223706,-2.05653082530217,0.889351821415649,-0.109766251701977,-0.251620477537952,-0.46654780684179,0.6332029746814,-0.192467983241925,-0.121182387253557,-0.252327653521636,-0.446214464350119,0.426892470668667,0.453065646023287,0.502824604511261,0.37089072219948
"michael mmoh",0.39938080495356,0.958681699636798,-0.583641732331938,0.312563973921272,-0.109766251701977,-0.251620477537952,2.13056831791084,-1.5698157080643,-0.192467983241925,-0.29982731711262,-0.147253748050357,-0.149178547304368,0.46591767977387,0.430348933736054,0.433757156133652,0.375969621026863
"mikael ymer",0.508620689655172,-1.68986418801044,-0.169966939017821,0.373609153016409,-0.109766251701977,3.95044149734585,-0.46654780684179,-1.5698157080643,-0.192467983241925,0.621242364302858,0.598756687925709,0.442173849827917,0.370756248800484,0.382699451883202,0.406727194786072,-0.553154170421182
"mikhail kukushkin",0.555555555555556,-0.246505867229052,0.0706814986343038,0.34279585929955,-0.109766251701977,-0.251620477537952,-0.46654780684179,0.6332029746814,-0.192467983241925,0.685481651877755,0.678813596375491,0.639139785473649,0.403435304132708,0.412797988089937,0.408273696899414,-0.0906770030347603
"miomir kecmanovic",0.466019417475728,-0.321840537770228,-0.276522282355625,0.349964853383576,-0.109766251701977,-0.251620477537952,-0.46654780684179,0.6332029746814,-0.192467983241925,0.275369386591645,0.256915155495609,0.160602058373244,0.404910181061117,0.411988999052411,0.429010659456253,-0.113928764944146
"nick kyrgios",0.450800915331808,2.13501185028376,-0.850536617685799,-2.83542162349364,-0.109766251701977,-0.251620477537952,-0.46654780684179,0.6332029746814,-0.192467983241925,-0.0496179671207028,-0.0138193993528658,-0.126186577547024,0.461812001642894,0.453707197477576,0.479879051446915,0.567818231432129
"nicolas jarry",0.41044776119403,0.803619864663899,-0.0192936499418615,-0.505989607202452,-0.109766251701977,-0.251620477537952,-0.46654780684179,0.6332029746814,-0.192467983241925,-0.114453441677948,-0.0529962861525997,0.0345345903514121,0.435846962290903,0.42159311970814,0.402489691972733,0.214018371760481
"nikoloz basilashvili",0.476190476190476,0.295504934359363,0.756485338614273,-0.874900607163719,-0.109766251701977,3.95044149734585,-0.46654780684179,-1.5698157080643,-0.192467983241925,0.161826731351521,0.222434458912226,0.214762955581318,0.440278321586926,0.429411504106842,0.426701009273529,0.032141714227786
"norbert gombos",0.444444444444444,-0.137036880047065,1.69166486080159,-2.90151783646641,-0.109766251701977,-0.251620477537952,-0.46654780684179,0.6332029746814,-0.192467983241925,0.113419863410422,0.234002479805848,0.520284638890554,0.419274612267207,0.395232665280954,0.324551284313202,-0.140762890290011
"novak djokovic",0.383861236802413,0.405129700412193,0.630003688577661,-0.17350792675115,-0.109766251701977,-0.251620477537952,-0.46654780684179,0.6332029746814,-0.192467983241925,-0.204867169750939,-0.185629457366509,-0.205195861707336,0.429324810167843,0.422899950707234,0.431146085262299,0.0986654940358831
"nuno borges",0.375586854460094,-0.119695772883087,0.286099045605526,0.421189317888199,-0.109766251701977,-0.251620477537952,-0.46654780684179,0.6332029746814,-0.192467983241925,-0.164468621735543,-0.167142446272408,-0.196818845064516,0.412085290298668,0.410737666372976,0.420941323041916,-0.0491913856649313
"oscar otte",0.303030303030303,-2.93754525517792,0.17526232476934,0.0587339021828298,-0.109766251701977,-0.251620477537952,-0.46654780684179,0.6332029746814,-0.192467983241925,-0.0776724688354499,-0.364352676138217,-0.274598334926437,0.320267169189325,0.379655317648172,0.366308093070984,-0.935265189271609
"pablo andujar",0.466417910447761,-0.404568583921476,-1.28309150382688,0.776805397773611,-0.109766251701977,3.95044149734585,-0.46654780684179,-1.5698157080643,-0.192467983241925,0.352337325332004,0.293992327188951,0.244308491588601,0.388228155305028,0.404589995233413,0.410120040178299,-0.142823172977261
"pablo carreno busta",0.404921700223714,-0.0844374721670491,0.0435497950096001,0.557550777797964,-0.109766251701977,-0.251620477537952,-0.46654780684179,0.6332029746814,-0.192467983241925,-0.0350463404437223,-0.0206500577422598,-0.0315682759011269,0.412699090187611,0.409264500702446,0.412196218967438,-0.0346854060292855
"pavel kotov",0.439716312056738,-1.63770150638623,1.03616202935519,-0.307165860452832,-0.109766251701977,-0.251620477537952,-0.46654780684179,0.6332029746814,-0.192467983241925,0.3198692313723,0.307527940667928,0.315193331538316,0.368731789326632,0.375041796148574,0.36708390712738,-0.540355030164745
"pedro cachin",0.397727272727273,0.751282466068612,-0.364369007440074,0.128541946018924,-0.109766251701977,-0.251620477537952,-0.46654780684179,0.6332029746814,-0.192467983241925,-0.14049536984243,-0.0869083429945398,-0.0940876995312322,0.428905628742537,0.416004490073263,0.419408619403839,0.214192421147909
"pedro martinez",0.417197452229299,-0.55761800243725,-0.738446316328823,0.0341041167511584,-0.109766251701977,-0.251620477537952,2.13056831791084,-1.5698157080643,-0.192467983241925,0.137442017549686,0.109405898427779,0.269505509855666,0.386696687973322,0.394188897289718,0.355093240737915,-0.102994942938447
"peter gojowczyk",0.465608465608466,-0.0939984347056477,0.538789397560145,0.655612704914774,-0.109766251701977,-0.251620477537952,-0.46654780684179,0.6332029746814,-0.192467983241925,0.215166508681553,0.282060182160305,0.336077869605214,0.41785929054484,0.406289934425362,0.388163477182388,-0.0351166623749845
"philipp kohlschreiber",0.463768115942029,-0.96066323492898,0.436848546264361,0.28915657316204,-0.109766251701977,-0.251620477537952,-0.46654780684179,0.6332029746814,-0.192467983241925,0.357926099042144,0.40238969329225,0.334642458957574,0.384338115112773,0.37914374469437,0.386653900146484,-0.31425274830846
"quentin halys",0.488986784140969,0.948169926584713,-0.764618551876855,-0.370471700816936,-0.109766251701977,-0.251620477537952,-0.46654780684179,0.6332029746814,-0.192467983241925,0.274662117144996,0.322529494896996,0.243121473951648,0.428034503066815,0.421157373573388,0.432962447404861,0.262504704344433
"radu albot",0.516483516483517,-0.706622018351694,-0.312157550132448,-0.82733894450603,-0.109766251701977,-0.251620477537952,2.13056831791084,-1.5698157080643,-0.192467983241925,0.586441233785812,0.595729081302553,0.611375246118849,0.386342049262842,0.391198998068778,0.375599652528763,-0.171694276300833
"rafael nadal",0.378378378378378,0.404580772944934,-1.74912851586468,-0.512161569789443,-0.109766251701977,-0.251620477537952,-0.46654780684179,0.6332029746814,-0.192467983241925,-0.0916786619883076,-0.21708760410934,-0.222748968525957,0.398723461392006,0.424032882729888,0.429708123207092,0.0897115259206566
"reilly opelka",0.483870967741935,1.8247042784834,0.198348333429357,-1.41350644330716,-0.109766251701977,-0.251620477537952,-0.46654780684179,0.6332029746814,-0.192467983241925,0.114565774000101,0.149723797719358,0.0946743642429507,0.458446838157127,0.452383376349752,0.462054431438446,0.508155342966073
"ricardas berankis",0.307692307692308,0.267453663280281,-0.538063604089592,2.14698777315049,-0.109766251701977,-0.251620477537952,2.13056831791084,-1.5698157080643,-0.192467983241925,-0.680667794751674,-0.56626416662725,-0.772876724296933,0.458744280840562,0.426780221373305,0.485792189836502,0.208495587353259
"richard gasquet",0.42315369261477,-0.652528372430437,-1.25170376585847,-0.22092041290856,-0.109766251701977,-0.251620477537952,-0.46654780684179,0.6332029746814,-0.192467983241925,0.211320418309452,0.110115009217932,0.0437349830488791,0.376258031620845,0.399996008470933,0.413075506687164,-0.231616740709725
"rinky hijikata",0.377510040160643,-1.15251633154551,0.180281385648324,0.947882922421345,-0.109766251701977,-0.251620477537952,-0.46654780684179,0.6332029746814,-0.192467983241925,-0.00800579436297363,-0.0851920154408416,-0.107279508404811,0.379286664593987,0.395426306064516,0.402231276035309,-0.356856522431709
"roberto bautista agut",0.443438914027149,-0.734263539320263,-1.54402515713733,-0.311003750620003,-0.109766251701977,-0.251620477537952,2.13056831791084,-1.5698157080643,-0.192467983241925,0.287767039749197,0.26511400073173,0.275130600232213,0.379578423643575,0.387684241392978,0.380038470029831,-0.166902480671007
"roberto carballes baena",0.417142857142857,-0.435296569498194,-0.346012152084828,0.966457197463783,-0.109766251701977,-0.251620477537952,2.13056831791084,-1.5698157080643,-0.192467983241925,-0.0678418135771107,0.0530525108733908,0.134759333076321,0.432198130628386,0.405985674315837,0.386089235544205,-0.0407578483701531
"roman safiullin",0.511210762331839,0.65187435385901,-0.0458522583739178,1.65944433466548,-0.109766251701977,-0.251620477537952,2.13056831791084,-1.5698157080643,-0.192467983241925,0.37761699442851,0.482712436114648,0.375092252855856,0.42741101076059,0.409694155220435,0.424775391817093,0.315449629130811
"salvatore caruso",0.375,-0.71609795108758,-1.07666310494963,-0.408279965469588,-0.109766251701977,-0.251620477537952,2.13056831791084,-1.5698157080643,-0.192467983241925,-0.0436215995013671,-0.110578493786109,-0.121501193967487,0.384680388476391,0.398255157043414,0.402998447418213,-0.163773824200842
"sam querrey",0.517441860465116,1.67135695329647,1.60179218957823,-1.49606550241238,-0.109766251701977,-0.251620477537952,-0.46654780684179,0.6332029746814,-0.192467983241925,0.196150620985483,0.321774527739396,0.207967450385456,0.473912640245549,0.44977122290313,0.469518333673477,0.458305575906129
"sebastian baez",0.276353276353276,-1.34588140998235,-0.918472243729636,-0.7995034146061,-0.109766251701977,-0.251620477537952,-0.46654780684179,0.6332029746814,-0.192467983241925,-0.423269300046092,-0.478757278153797,-0.474523674094293,0.370284065260908,0.377038095868721,0.385701388120651,-0.462334696790673
"sebastian korda",0.408088235294118,0.287928710187638,-0.0820845895610272,0.0570891635661178,-0.109766251701977,-0.251620477537952,-0.46654780684179,0.6332029746814,-0.192467983241925,-0.0646709884416668,-0.0453557375658134,-0.105825981117603,0.422439847761879,0.417626751906155,0.43247452378273,0.0681832649510367
"sebastian ofner",0.387755102040816,0.600733961661842,0.255253712796722,0.413466922408939,-0.109766251701977,-0.251620477537952,-0.46654780684179,0.6332029746814,-0.192467983241925,-0.202294972179108,-0.120200845680981,-0.189840416011124,0.43264786021336,0.413033883179483,0.431501477956772,0.174744330036412
"stan wawrinka",0.367647058823529,0.0441758446151962,0.420439899487977,-0.424996845904783,-0.109766251701977,-0.251620477537952,-0.46654780684179,-1.5698157080643,5.16455755032498,-0.35234316929841,-0.271978317536138,-0.211025445780907,0.445838110843628,0.424845328307473,0.416275262832642,-0.0674385171644534
"stefan kozlov",0.245901639344262,-2.76734882048467,0.562576887868919,0.826536472999046,-0.109766251701977,-0.251620477537952,2.13056831791084,-1.5698157080643,-0.192467983241925,-0.442513739476284,-0.810657565247641,-0.685563555423447,0.34410310268438,0.41638658938103,0.403881281614304,-0.769921607863049
"stefano travaglia",0.463157894736842,0.0737165835746577,0.225177579120055,0.870672620447831,-0.109766251701977,-0.251620477537952,2.13056831791084,-1.5698157080643,-0.192467983241925,0.206514569194795,0.332941509029864,0.335086753253407,0.417328734901072,0.393138790536189,0.385941296815872,0.115119196752289
"stefanos tsitsipas",0.424050632911392,0.989365790587062,-0.628543399808529,0.542030866822504,-0.109766251701977,-0.251620477537952,-0.46654780684179,0.6332029746814,-0.192467983241925,-0.0523817824626641,-0.032867541863753,0.0462374160630353,0.435675057717468,0.43096282552229,0.413395792245865,0.298987638227834
"steve johnson",0.351598173515982,0.476178640159415,-0.596750786949615,-1.63475780460978,-0.109766251701977,-0.251620477537952,-0.46654780684179,0.6332029746814,-0.192467983241925,-0.27452338202837,-0.403209570305681,-0.407401441528128,0.412519666864797,0.436394968605301,0.445478796958923,0.0828714285639509
"sumit nagal",0.333333333333333,-3.07623274753758,-0.221689533737385,-0.773602286209323,-0.109766251701977,-0.251620477537952,-0.46654780684179,0.6332029746814,-0.192467983241925,0.0995203210980574,-0.169702238132821,0.190076683805313,0.311248050341953,0.369022481044381,0.289532512426376,-1
"tallon griekspoor",0.474254742547426,0.51865848196533,-0.643820665864225,-0.744062689069391,-0.109766251701977,-0.251620477537952,-0.46654780684179,0.6332029746814,-0.192467983241925,0.255672872590239,0.312443456243059,0.192258835639604,0.417516503742801,0.40854647149633,0.429951071739197,0.119188236737467
"taro daniel",0.39922480620155,-0.540661119097184,0.0475602627432512,0.0311443859834531,-0.109766251701977,-0.251620477537952,-0.46654780684179,0.6332029746814,-0.192467983241925,-0.0132230447774501,-0.0731245313577631,0.156262643297192,0.402159228867148,0.414603225659317,0.363216012716293,-0.190275782822814
"taylor fritz",0.384701912260967,0.908537053783148,1.06659476559222,0.165857080076693,-0.109766251701977,-0.251620477537952,-0.46654780684179,0.6332029746814,-0.192467983241925,-0.289429759987859,-0.199321560939857,-0.188944688055464,0.448931389064614,0.426620137433764,0.42824187874794,0.264084364688364
"tennys sandgren",0.515463917525773,0.897546581756671,0.281984697186606,-1.9492814529173,-0.109766251701977,-0.251620477537952,-0.46654780684179,-1.5698157080643,5.16455755032498,0.228153163392055,0.404193772096444,0.354855875717118,0.464832778846796,0.430460140351395,0.433691769838333,0.158524080443668
"thanasi kokkinakis",0.414728682170543,0.384466035819617,0.865200358592511,0.976761229264782,-0.109766251701977,-0.251620477537952,-0.46654780684179,0.6332029746814,-0.192467983241925,-0.0822677390756559,0.0190763026630567,-0.00551907793386664,0.432985318388152,0.410716849498132,0.416000485420227,0.122069664866581
"thiago monteiro",0.439024390243902,0.493448000929507,-0.466698491492803,0.362966151219832,-0.109766251701977,-0.251620477537952,-0.46654780684179,0.6332029746814,-0.192467983241925,0.102791342193739,0.135081183996573,0.0206406933700105,0.416213211015735,0.410616206700302,0.434267997741699,0.140056363922138
"thiago seyboth wild",0.438202247191011,-0.0328076838723614,0.341426814479631,-1.76774171770274,-0.109766251701977,-0.251620477537952,-0.46654780684179,0.6332029746814,-0.192467983241925,0.126191188284987,0.228676206576901,0.258278046451101,0.410198236818632,0.39011060736162,0.378685265779495,-0.0789305200761746
"tim van rijthoven",0.43298969072165,1.27268405350987,-0.177183790957297,0.20925826202892,-0.109766251701977,-0.251620477537952,-0.46654780684179,0.6332029746814,-0.192467983241925,-0.0652874981247237,-0.00259546831419112,0.0298261838978011,0.447478117366325,0.433535529439298,0.426116615533829,0.378501343882872
"tomas machac",0.408759124087591,-0.0128529195204303,-1.12535683849527,0.316822450283602,-0.109766251701977,-0.251620477537952,-0.46654780684179,0.6332029746814,-0.192467983241925,0.066401405306253,0.0201755384941435,0.0334038313688255,0.394023502145928,0.404516117151502,0.401061624288559,-0.0186578633280391
"tommy paul",0.397551020408163,-0.459714891682394,1.45070935243001,0.84831171948017,-0.109766251701977,-0.251620477537952,-0.46654780684179,0.6332029746814,-0.192467983241925,-0.0580691069501855,-0.0393778494719546,-0.0195067696188002,0.410437561025209,0.405832360134797,0.402046114206314,-0.143898519484203
"ugo humbert",0.478964401294498,-0.315187339964281,0.718602769808646,0.806780308805402,-0.109766251701977,-0.251620477537952,-0.46654780684179,0.6332029746814,-0.192467983241925,0.321479919935308,0.285031521417506,0.129244191281586,0.407622438874362,0.419020984035544,0.44918167591095,-0.100011072243764
"vasek pospisil",0.553990610328638,1.40432694763191,-1.3195307256837,1.65580635162604,-0.109766251701977,-0.251620477537952,-0.46654780684179,0.6332029746814,-0.192467983241925,0.510453710474131,0.584147177042533,0.104843881310326,0.440712090671197,0.431141818728461,0.529830634593964,0.45697443981439
"yannick hanfmann",0.346590909090909,0.841225383907745,0.0950005867587338,-0.123678559977873,-0.109766251701977,-0.251620477537952,-0.46654780684179,0.6332029746814,-0.192467983241925,-0.413950443800355,-0.452655659123356,-0.567578402377459,0.438453682390549,0.44178644014838,0.477382332086563,0.235633457330579
"yibing wu",0.331683168316832,0.110590970318027,-0.351076903230618,0.425999314430595,-0.109766251701977,3.95044149734585,-0.46654780684179,-1.5698157080643,-0.192467983241925,-0.479084505957828,-0.42702188408188,-0.421012527028586,0.43800031816243,0.4214878006218,0.428700298070908,0.00835196709637767
"yoshihito nishioka",0.408602150537634,-1.77588618729553,0.0629503852527641,-0.00721485084569007,-0.109766251701977,3.95044149734585,-0.46654780684179,-1.5698157080643,-0.192467983241925,0.152256470015806,-0.103999108011242,-0.328992739129858,0.374813802685999,0.430473633014639,0.484414458274841,-0.589793748460261
"yosuke watanuki",0.39568345323741,-0.141457507183978,0.682449332183691,-0.650769148039122,-0.109766251701977,-0.251620477537952,2.13056831791084,-1.5698157080643,-0.192467983241925,-0.178313379589024,-0.12302011310282,-0.141238189750855,0.435254280641521,0.421555139057606,0.428230047225952,0.00871593683044435
"yunchaokete bu",0.261904761904762,-0.610042809871369,0.860064191598755,-1.7189629735057,-0.109766251701977,-0.251620477537952,-0.46654780684179,0.6332029746814,-0.192467983241925,-0.659485186773175,-0.74317911872342,-0.51156559655927,0.408255947449651,0.418198689643814,0.379788726568222,-0.257251522288146
"zizou bergs",0.368421052631579,-0.68423847141858,1.00850216205308,-0.487564827376156,-0.109766251701977,-0.251620477537952,-0.46654780684179,0.6332029746814,-0.192467983241925,-0.176855075444298,-0.0770993038095148,-0.133319278934734,0.407668257087448,0.384635384701396,0.39914283156395,-0.248397791950919
