year,ServerName,avg_speed,sd_speed,location_entropy,modal_location,n_serves,avg_speed_z,sd_speed_z,location_entropy_z,SQS_FE_logodds,SQS_FE_centered,SQS_percentile,SQS_rank,mean_percentile,mean_centered_sqs,years_present
2016,Alexander Zverev,127.15555555555555,4.436597317236022,2.7569068874356555,WC_DNCTL,90,2.546946929115179,-2.410433359602443,0.03592050685957967,0.22940540790511463,0.34397517053751236,89.58333333333334,6,90.07487643427869,0.3057711386241796,7
2016,Grigor Dimitrov,117.08148148148148,6.7215979042076395,2.686744732787111,WC_DNCTL,135,0.2253930233126529,-0.7326596004959794,-0.3911876252097422,-0.09320049450993947,0.021369268122458263,50,25,71.44253298803798,0.14512550424861134,6
2016,Marin Cilic,121.375,6.729211303578743,2.4252365990200597,WW_DCTL,152,1.2148273487911758,-0.727069421764619,-1.983103539047726,0.2378561864777716,0.35242594911016933,91.66666666666666,5,83.735803412274,0.2615660146513365,5
2016,Roger Federer,118.11275964391692,8.04335631155036,2.7050309432443336,WW_DCTL,337,0.4630493903759359,0.23784849668444114,-0.2798713574848762,-0.005679191438515779,0.10889057119388196,68.75,16,62.970269926152284,0.07447443799506388,5
2016,Sam Querrey,121.72727272727273,7.791119040742181,2.477643478253317,WW_DCTL,220,1.2960080230540747,0.052641947310434554,-1.6640796377861165,0.25308438452143023,0.36765414715382794,95.83333333333334,3,94.78202189966896,0.39300905876499387,5
2016,Taylor Fritz,112.20481927710843,8.527944075207563,2.8336757207985674,WW_DCTL,83,-0.8984258115098792,0.5936596235978359,0.5032464204239313,-0.3031967819660945,-0.18862701933369677,16.666666666666664,41,76.41046984831668,0.18680022142097885,6
2017,Alexander Zverev,123.85507246376811,6.190210002363756,2.696568790536267,WW_DCTL,207,1.7863559947589038,-1.1228339762504762,-0.33138423154828073,0.18869405273079742,0.3029694573463977,90.9090909090909,6,90.07487643427869,0.3057711386241796,7
2017,Daniil Medvedev,118.28571428571429,7.501000623381315,2.632864223987574,WW_DCTL,70,0.5029065049096384,-0.16037903415314914,-0.7191821627719143,0.024236172133485223,0.13851157674908549,70.9090909090909,17,74.32910442621875,0.1481309581109696,6
2017,Grigor Dimitrov,118.9047619047619,6.871953455331129,2.522659125438247,WW_DCTL,147,0.6455650169783831,-0.6222602423298128,-1.3900494418869673,0.08973144564177636,0.2040068502573766,80,12,71.44253298803798,0.14512550424861134,6
2017,John Isner,116.2909090909091,10.937978155877287,2.4052781896222046,WW_DCTL,110,0.043206907977617795,2.363239886357812,-2.104599222863211,0.14572850510326874,0.260003909718869,83.63636363636363,10,88.48637636872931,0.3405538401024923,5
2017,Marin Cilic,119.24651162790698,7.302946649191457,2.573329244910033,WW_DCTL,430,0.7243206821383423,-0.30580121158150847,-1.0815979670465654,0.08919066168742885,0.2034660663030291,78.18181818181819,13,83.735803412274,0.2615660146513365,5
2017,Roger Federer,115.57234726688102,7.683270931998987,2.5077609493146413,WW_DCTL,311,-0.12238448998778606,-0.02654609660092566,-1.4807412430049216,-0.01978424767880338,0.09449115693679687,63.63636363636363,21,62.970269926152284,0.07447443799506388,5
2017,Sam Querrey,122.684375,9.001762606049661,2.4180871361564207,WC_DNCTL,320,1.5165706775635106,0.9415633843924165,-2.026625488227934,0.33394808085361705,0.4482234854692173,98.18181818181819,2,94.78202189966896,0.39300905876499387,5
2018,Alexander Zverev,124.42514970059881,6.34870937043316,2.9067018797132405,WW_DCTL,167,1.91772936228053,-1.006454977444947,0.9477890158228383,0.10951523525886744,0.22954655610183178,83.33333333333334,11,90.07487643427869,0.3057711386241796,7
2018,Daniil Medvedev,113.47863247863248,10.642787982704442,2.553912912066812,WW_DCTL,117,-0.6048776410758852,2.146494941380849,-1.199793790619045,-0.053852112222924464,0.06617920862003987,56.666666666666664,27,74.32910442621875,0.1481309581109696,6
2018,Grigor Dimitrov,120.51948051948052,7.958131210162858,2.5929651587609817,WW_DCTL,77,1.01767428272414,0.17527151550534822,-0.962065456559064,0.14874061657062426,0.2687719374135886,88.33333333333333,8,71.44253298803798,0.14512550424861134,6
2018,John Isner,123.8713768115942,8.420856890413594,2.6188463864478098,WC_DNCTL,552,1.7901133050684082,0.5150302921183089,-0.8045149527532164,0.26606820945891685,0.38609953030188116,95,4,88.48637636872931,0.3405538401024923,5
2018,Marin Cilic,115.06716417910448,9.241291581437267,2.3589879363065345,WW_DCTL,134,-0.23880310691966633,1.1174388006799896,-2.3863885112011762,0.07499977057393306,0.1950310914168974,76.66666666666667,15,83.735803412274,0.2615660146513365,5
2018,Matteo Berrettini,121.3157894736842,8.942205875098939,2.923273691972568,WC_DNCTL,95,1.2011823797724532,0.8978335398851479,1.0486689818749038,0.018881566450885928,0.13891288729385026,70,19,90.16722160562338,0.318243920202132,5
2018,Roger Federer,116.15953307392996,7.538043912788543,2.5552160098482615,WW_DCTL,257,0.012931519579233776,-0.1331798031013958,-1.191861256874513,-0.023341108687123358,0.09669021215584098,61.66666666666667,24,62.970269926152284,0.07447443799506388,5
2018,Sam Querrey,122.59154929577464,9.094075724320644,2.5423330010990544,WW_DCTL,71,1.4951791457345107,1.009344779434251,-1.270285841037718,0.2894569936137827,0.40948831445674705,96.66666666666667,3,94.78202189966896,0.39300905876499387,5
2018,Stefanos Tsitsipas,121.61578947368422,6.232256350207638,2.5590339838932716,WW_DCTL,190,1.2703168894673105,-1.0919612230962978,-1.1686195566898214,0.16701539403956486,0.2870467148825292,90,7,70.54102144002255,0.1308486437949635,6
2018,Taylor Fritz,125.20689655172414,7.3486874813449745,2.829445384133747,WC_DNCTL,87,2.0978816464740184,-0.27221576379456774,0.47749448620830504,0.1867057381091041,0.30673705895206843,91.66666666666666,6,76.41046984831668,0.18680022142097885,6
2019,Alexander Zverev,127.48684210526316,5.643860194471231,2.887688085907487,WC_DNCTL,76,2.623291373056966,-1.5239942106072655,0.8320436257816417,0.20764825783406754,0.2941482153156925,85.71428571428571,9,90.07487643427869,0.3057711386241796,7
2019,Daniil Medvedev,119.92792792792793,6.601255681806044,2.495855977110569,WW_DCTL,111,0.8813519548051083,-0.8210215134027701,-1.5532120852401519,0.13875662332611946,0.22525658080774444,82.14285714285714,11,74.32910442621875,0.1481309581109696,6
2019,John Isner,121.25287356321839,8.764376649442076,2.4831867154405436,WW_DCTL,174,1.186683511032254,0.7672614909717037,-1.6303354961970629,0.2556438386986901,0.3421437961803151,89.28571428571429,7,88.48637636872931,0.3405538401024923,5
2019,Marin Cilic,118.55737704918033,8.440407710500063,2.447973709030893,WW_DCTL,122,0.5655107447582182,0.5293855851090918,-1.8446926730470043,0.15364271755260858,0.24014267503423356,83.92857142857143,10,83.735803412274,0.2615660146513365,5
2019,Matteo Berrettini,124.60958904109589,10.03948981233693,2.555334469852332,WC_DNCTL,146,1.9602331068595564,1.703520070857489,-1.191140138326816,0.37052570456211387,0.45702566204373885,100,1,90.16722160562338,0.318243920202132,5
2019,Roger Federer,116.3069306930693,6.684291535767646,2.5366070421563647,WW_DCTL,404,0.046899060010524525,-0.7600519987181318,-1.3051422909367885,-0.029721251342236354,0.056778706139388624,67.85714285714286,19,62.970269926152284,0.07447443799506388,5
2019,Sam Querrey,122.1969696969697,9.648470640184824,2.494285644844902,WW_DCTL,198,1.4042489220712713,1.4164121768442937,-1.5627713937317014,0.311804851395841,0.398304808877466,91.07142857142857,6,94.78202189966896,0.39300905876499387,5
2019,Stefanos Tsitsipas,119.8586956521739,7.124607599357038,2.873644014980093,WW_DCTL,92,0.8653974900073982,-0.43674760159216697,0.7465511415428768,-0.04275964062145038,0.0437403168601746,64.28571428571429,21,70.54102144002255,0.1308486437949635,6
2021,Alexander Zverev,125.86725663716814,6.181054615254875,2.6211837354117695,WC_DNCTL,113,2.250060548904762,-1.1295563676289833,-0.7902864736679931,0.2899287437302161,0.39086615879528025,96.07843137254902,3,90.07487643427869,0.3057711386241796,7
2021,Daniil Medvedev,119.815,6.058407091176035,2.448004591538211,WC_DNCTL,200,0.8553278983779311,-1.2196109604777214,-1.8445046775374547,0.12430439176093402,0.2252418068259982,84.31372549019608,9,74.32910442621875,0.1481309581109696,6
2021,Grigor Dimitrov,116.76923076923077,6.5354065261113226,2.6508519468909384,WW_DCTL,65,0.1534353570015816,-0.8693716040390013,-0.6096829210807109,-0.07250386326092967,0.028433551804134496,54.90196078431373,24,71.44253298803798,0.14512550424861134,6
2021,John Isner,118.60240963855422,10.86720256937398,2.712608299842213,WC_DNCTL,83,0.5758884313803966,2.311272537860105,-0.23374462949661803,0.0631618900290436,0.16409930509410775,74.50980392156863,14,88.48637636872931,0.3405538401024923,5
2021,Marin Cilic,120.09160305343511,6.857281791227359,2.3309153983457978,WC_DNCTL,131,0.9190706199757179,-0.6330329892499147,-2.557278491859775,0.21582687632728884,0.316764291392353,88.23529411764706,7,83.735803412274,0.2615660146513365,5
2021,Matteo Berrettini,124.04430379746836,8.100436936448697,2.4793473888301625,WC_DNCTL,316,1.8299640463398044,0.2797602472344719,-1.6537071789108853,0.3359248118997271,0.43686222696479127,100,1,90.16722160562338,0.318243920202132,5
2021,Roger Federer,113,7.567610089517057,2.4215784667363183,WW_DCTL,228,-0.7151777135235161,-0.11147068155672728,-2.005372211587755,-0.08541587151565316,0.015521543549411002,52.94117647058824,25,62.970269926152284,0.07447443799506388,5
2021,Sam Querrey,119.9,10.158383415838783,2.4337826884423177,WC_DNCTL,70,0.8749160094581417,1.7908183276799914,-1.9310797050032606,0.2404371228026469,0.34137453786771105,92.15686274509804,5,94.78202189966896,0.39300905876499387,5
2021,Stefanos Tsitsipas,117.14814814814815,5.126355899450085,2.26359342813401,WC_DNCTL,54,0.2407562476892897,-1.9039744746657943,-2.9670971624581357,0.08372543920102954,0.1846628542660937,78.43137254901961,12,70.54102144002255,0.1308486437949635,6
2021,Taylor Fritz,120.70786516853933,6.892357835100296,2.377433446496481,WC_DNCTL,89,1.061087217213199,-0.6072782186302377,-2.2741025153996324,0.21858445032063012,0.31952186538569427,90.19607843137256,6,76.41046984831668,0.18680022142097885,6
2022,John Isner,123.58783783783784,7.783576861741663,2.29392016253264,WC_DNCTL,148,1.724772211968313,0.04710406251263486,-2.7824848889946954,0.40317343956923707,0.5504226592172885,100,1,88.48637636872931,0.3405538401024923,5
2022,Stefanos Tsitsipas,120.59541984732824,6.561869604540132,2.662129084391283,WC_DNCTL,131,1.03517437671517,-0.849940948823338,-0.5410339869510772,0.060669725165376526,0.20791894481342799,83.01886792452831,10,70.54102144002255,0.1308486437949635,6
2022,Taylor Fritz,120.36575875486382,9.150567493724006,2.6160389219906452,WC_DNCTL,257,0.9822493533034609,1.050824159724507,-0.8216052332065038,0.14113720261682505,0.28838642226487654,88.67924528301887,7,76.41046984831668,0.18680022142097885,6
2023,Alexander Zverev,124.54040404040404,6.877158827706864,2.7942369807596776,WC_DNCTL,198,1.9442895365226598,-0.6184381701482208,0.2631653300760703,0.16489979912215927,0.2045996003806479,84.90566037735849,9,90.07487643427869,0.3057711386241796,7
2023,Daniil Medvedev,117.37412587412588,7.678854202600923,2.4187121679218704,WC_DNCTL,286,0.29283244531405117,-0.029789103507530633,-2.022820642849932,0.07981043538116886,0.11951023663965749,75.47169811320755,14,74.32910442621875,0.1481309581109696,6
2023,Grigor Dimitrov,123.55882352941177,8.212384847285012,2.656818604664194,WC_DNCTL,170,1.7180859120110743,0.3619585925035593,-0.573361230719324,0.2284631526499063,0.26816295390839495,86.79245283018868,8,71.44253298803798,0.14512550424861134,6
2023,Matteo Berrettini,123.20938628158845,6.7178799913742715,2.548333473200888,WC_DNCTL,277,1.637558669353126,-0.7353894976461317,-1.2337583078713532,0.23074855126702262,0.27044835252551125,88.67924528301887,7,90.16722160562338,0.318243920202132,5
2023,Stefanos Tsitsipas,120.18361581920904,6.375205372851764,2.703597036917219,WC_DNCTL,354,0.9402748114672117,-0.987000147615747,-0.2886001808228158,0.01773917758954166,0.057438978848030293,58.490566037735846,23,70.54102144002255,0.1308486437949635,6
2023,Taylor Fritz,119.2289156626506,8.532043417475828,2.557234378440883,WC_DNCTL,166,0.7202657207029848,0.5966695873267323,-1.1795745526856218,0.1080813803976471,0.14778118165613574,83.01886792452831,10,76.41046984831668,0.18680022142097885,6
2024,Alexander Zverev,125,7.333393220500467,2.589725188690558,WC_DNCTL,254,2.050202674270669,-0.28344565566249624,-0.9817885903720291,0.2996439942872824,0.3742928118918948,100,1,90.07487643427869,0.3057711386241796,7
2024,Daniil Medvedev,117.77743902439025,6.100271475580518,2.4511480558151186,WC_DNCTL,328,0.38577530163743196,-1.1888718149407487,-1.825369017262168,0.03943752141867968,0.11408633902329209,76.47058823529412,13,74.32910442621875,0.1481309581109696,6
2024,Grigor Dimitrov,119.29878048780488,8.326305331109124,2.7545347128427666,WC_DNCTL,164,0.7363659554761753,0.44560530991561964,0.021480028735921003,0.005359646381102756,0.08000846398571516,68.62745098039215,17,71.44253298803798,0.14512550424861134,6
2024,Matteo Berrettini,120.96969696969697,7.538053253913255,2.4417367262743617,WC_DNCTL,165,1.1214259278650462,-0.1331729443311998,-1.8826599513929219,0.21332165457815588,0.2879704721827683,92.15686274509804,5,90.16722160562338,0.318243920202132,5
2024,Stefanos Tsitsipas,116.36912751677852,7.052265299551005,2.640200081302383,WW_DCTL,149,0.061232216382904096,-0.489865317613779,-0.6745255479551365,-0.07036476450508716,0.004284053099525245,49.01960784313725,27,70.54102144002255,0.1308486437949635,6
2024,Taylor Fritz,119.84013605442176,8.450919612814047,2.476494873262722,WC_DNCTL,294,0.8611204610383041,0.537104004947254,-1.6710717054396254,0.17235300199618248,0.24700181960079487,88.23529411764706,7,76.41046984831668,0.18680022142097885,6
