"ServerName","win_rate","avg_speed","sd_speed","location_entropy","modal_locationWB_DNCTL","modal_locationWBC_DNCTL","modal_locationWBW_DNCTL","modal_locationWC_DNCTL","modal_locationWW_DCTL","cluster","performance_lm","performance_rf","performance_xgb","pred_lm","pred_rf","pred_xgb","weighted_avg"
"adam walton",0.558823529411765,-0.754728896191222,-0.24547141123504,-0.516624874820969,-0.109766251701977,-0.251620477537952,2.13056831791084,-1.5698157080643,-0.192467983241925,"2",-0.0105551647473481,-0.0488508336743796,0.0114902403270122,0.513703762134008,0.530304239730575,0.520360231399536,-0.423468518500039
"adrian mannarino",0.547457627118644,-1.17858409584835,0.768326094665456,0.829884811568678,-0.109766251701977,-0.251620477537952,-0.46654780684179,0.6332029746814,-0.192467983241925,"4",0.0179753369329069,-0.0299318002527996,-0.110812275275617,0.541703282571342,0.538793261062389,0.509041666984558,-0.151037074766343
"alejandro davidovich fokina",0.55663430420712,0.0690348333291055,-0.734627652647985,1.97499230804291,-0.109766251701977,3.95044149734585,-0.46654780684179,-1.5698157080643,-0.192467983241925,"2",0.0208584488975548,-0.152488141383331,-0.0181873123548605,0.524958827116401,0.521630569209441,0.516709506511688,0.41678552684783
"alejandro tabilo",0.590163934426229,-0.891256108024369,0.912472438131755,1.74458407132046,-0.109766251701977,-0.251620477537952,-0.46654780684179,0.6332029746814,-0.192467983241925,"4",0.436537004232045,0.252160064560181,0.267073255553715,0.555410400572811,0.540833810775752,0.531950175762177,0.0318409353674712
"aleksandar kovacevic",0.516393442622951,0.223727135758176,0.76667688205015,-0.545065185324863,-0.109766251701977,-0.251620477537952,-0.46654780684179,0.6332029746814,-0.192467983241925,"1",-0.149451013578175,0.00497791949243705,-0.145036975769718,0.562725559203886,0.560380501473555,0.550200462341309,0.0826586727983241
"aleksandar vukic",0.48780487804878,-0.60341685076724,0.0120711277131427,-1.64418476406703,-0.109766251701977,-0.251620477537952,2.13056831791084,-1.5698157080643,-0.192467983241925,"1",-0.41161030442406,-0.285248172314105,-0.372197336849652,0.557628788995044,0.549272094775436,0.541065335273743,-0.479553615254751
"alex de minaur",0.58876629889669,-0.457445655097277,0.152391040578407,0.560649170049515,-0.109766251701977,3.95044149734585,-0.46654780684179,-1.5698157080643,-0.192467983241925,"2",0.258246958730235,0.0631146426680508,0.173366464673465,0.517735742911551,0.52348857874107,0.511656165122986,0.198120634939091
"alex michelsen",0.477272727272727,0.256012373032345,-0.725598058567618,1.4889109793313,-0.109766251701977,-0.251620477537952,2.13056831791084,-1.5698157080643,-0.192467983241925,"2",-0.577282876640525,-0.513544961450576,-0.575134121427934,0.540124456323304,0.533516549743121,0.509046614170074,0.0178136371221154
"alex molcan",0.548837209302326,-0.537951875060392,-0.691844055211417,0.153748041619189,-0.109766251701977,-0.251620477537952,-0.46654780684179,0.6332029746814,-0.192467983241925,"3",0.0156899706386841,0.0118008730246069,0.0405206290999569,0.538571076685385,0.541993665431859,0.543210744857788,-0.162525348977654
"alexander bublik",0.577197149643705,0.829131076018034,3.62593539857628,0.0401904908145737,-0.109766251701977,-0.251620477537952,-0.46654780684179,0.6332029746814,-0.192467983241925,"4",0.39048499602927,0.398110884721965,0.323022427628248,0.569576298040732,0.562469056617099,0.566006720066071,0.527508656740719
"alexander shevchenko",0.5,-0.458343858856627,-0.372900751949218,-1.1250784260934,-0.109766251701977,-0.251620477537952,2.13056831791084,-1.5698157080643,-0.192467983241925,"2",-0.432237599307234,-0.365702512057976,-0.316246034166174,0.529844772518267,0.534383386577943,0.535122871398926,-0.4168244572999
"alexander zverev",0.596570397111913,2.32914834536628,0.794753706413327,-0.368022267728917,-0.109766251701977,-0.251620477537952,-0.46654780684179,0.6332029746814,-0.192467983241925,"1",0.60097332052175,0.517902994705399,0.375220817231537,0.580456332103156,0.56260911221193,0.547751545906067,0.667788956474299
"alexandre muller",0.517482517482518,-0.884582431213367,0.210821246487462,0.645830962648204,-0.109766251701977,-0.251620477537952,-0.46654780684179,0.6332029746814,-0.192467983241925,"4",-0.23607736383792,-0.21036459830404,-0.356378071471781,0.541068515378846,0.539048812832009,0.497688263654709,-0.13450810187598
"alexei popyrin",0.573957016434892,0.86003738959433,0.280457526356584,0.479256860590871,-0.109766251701977,-0.251620477537952,-0.46654780684179,0.6332029746814,-0.192467983241925,"1",0.32444450047624,0.379812261850107,0.207480970422768,0.560782221415555,0.562612479703869,0.543395280838013,0.321538013281534
"andreas seppi",0.542857142857143,-0.925760807184244,-0.019634601812245,-0.646614649308484,-0.109766251701977,-0.251620477537952,-0.46654780684179,-1.5698157080643,5.16455755032498,"2",-0.185178063458823,-0.12336208124152,-0.12336932116465,0.504476979881993,0.532515651699336,0.513337790966034,-0.30341587982436
"andrey rublev",0.590425531914894,-0.301315599485632,1.98553250674609,-0.328961776402065,-0.109766251701977,-0.251620477537952,-0.46654780684179,0.6332029746814,-0.192467983241925,"4",0.376695869420052,0.315593168138281,0.309556166351515,0.541380096991465,0.546775617421764,0.541742086410522,0.0588202702345863
"andy murray",0.547325102880658,-0.0564108006107852,0.87714178870692,-0.534489415621365,-0.109766251701977,-0.251620477537952,-0.46654780684179,0.6332029746814,-0.192467983241925,"4",0.0935389449403571,0.0865830135115393,0.0889733049858959,0.559044879638841,0.550067065131419,0.557256698608398,0.0171996509286984
"arthur cazaux",0.519480519480519,-0.445175272162529,1.58171769630038,-0.31834971174368,-0.109766251701977,3.95044149734585,-0.46654780684179,-1.5698157080643,-0.192467983241925,"4",-0.565148253636291,-0.088524478992915,-0.0768988149034419,0.462854240513652,0.549583845098558,0.561665177345276,0.221419559986304
"arthur fils",0.543820224719101,0.618130723756986,-0.779031621731578,0.506397142609678,-0.109766251701977,-0.251620477537952,-0.46654780684179,0.6332029746814,-0.192467983241925,"3",-0.00379134837575784,0.0799731000225184,0.0225276917927391,0.543675815210172,0.551489056272329,0.546862840652466,0.177230958491183
"arthur rinderknech",0.545454545454545,0.873646366413107,0.404900200644435,0.229528253384629,-0.109766251701977,-0.251620477537952,-0.46654780684179,0.6332029746814,-0.192467983241925,"1",0.0893173014888573,0.178876208448807,0.0530559600952732,0.561636140854993,0.560033507215288,0.551600098609924,0.30901077691698
"aslan karatsev",0.575842696629214,0.379803647081478,-0.984985432469564,1.40295223633148,-0.109766251701977,-0.251620477537952,2.13056831791084,-1.5698157080643,-0.192467983241925,"2",0.213103217701485,0.126784220553312,0.120854584543022,0.532025202369971,0.537191995357216,0.519583106040955,0.0219847214081769
"ben shelton",0.5858310626703,1.42816984130654,-0.0646875489081009,0.481482322227581,-0.109766251701977,-0.251620477537952,-0.46654780684179,0.6332029746814,-0.192467983241925,"1",0.412098888970417,0.425233010128385,0.367443170602501,0.558097155342041,0.560007681256105,0.562954902648926,0.447339693974255
"benjamin bonzi",0.575657894736842,0.619595705978781,-0.590102749995624,0.631993853974266,-0.109766251701977,-0.251620477537952,-0.46654780684179,0.6332029746814,-0.192467983241925,"3",0.345455090097048,0.140816324527252,0.268390150916479,0.562309814820815,0.538648820881484,0.555326640605927,0.205282955546505
"benoit paire",0.54601226993865,-0.688105199562227,1.21126212691626,1.20492077059763,-0.109766251701977,-0.251620477537952,-0.46654780684179,0.6332029746814,-0.192467983241925,"4",0.0650183750708747,0.0300935484810711,-0.0147508698305856,0.55508310897048,0.545409488807671,0.534420907497406,0.0536824221052743
"bernabe zapata miralles",0.528846153846154,-1.04050744961847,0.56560186922349,-0.074299611554919,-0.109766251701977,-0.251620477537952,-0.46654780684179,0.6332029746814,-0.192467983241925,"4",-0.173137252005569,-0.164867825108528,-0.25723007155353,0.533761374968399,0.536750898337247,0.503446877002716,-0.22328867598197
"borna coric",0.509677419354839,-0.0374871559297723,0.149649887706246,-2.34186154853652,-0.109766251701977,-0.251620477537952,-0.46654780684179,0.6332029746814,-0.192467983241925,"3",-0.436303860018606,-0.267859744579547,-0.238440149031234,0.510579290188243,0.538105152908314,0.538433969020844,-0.221182380912966
"borna gojo",0.590361445783133,1.21087187099741,1.17502460659476,0.296495297107088,-0.109766251701977,-0.251620477537952,-0.46654780684179,0.6332029746814,-0.192467983241925,"1",0.440540689015749,0.482845371125824,0.474884748154667,0.555941492752481,0.562884657187469,0.581569015979767,0.466155523969292
"botic van de zandschulp",0.564405113077679,0.500070790476539,0.121860622090986,-0.0333247281242022,-0.109766251701977,-0.251620477537952,-0.46654780684179,0.6332029746814,-0.192467983241925,"3",0.212627173975973,0.173998987247547,0.236176748588736,0.553600145258678,0.548442053354513,0.565474808216095,0.159660341683487
"botic van de zandschulp",0.564405113077679,0.500070790476539,0.121860622090986,-0.0333247281242022,-0.109766251701977,-0.251620477537952,-0.46654780684179,0.6332029746814,-0.192467983241925,"3",0.161797361650627,0.22776340370555,0.220996726489738,0.542103868930311,0.553608327897099,0.56182736158371,0.159660341683487
"brandon nakashima",0.563739376770538,0.802274716681211,-0.0838387883383725,0.58096774502514,-0.109766251701977,-0.251620477537952,-0.46654780684179,0.6332029746814,-0.192467983241925,"1",0.229166509359043,0.291415220277917,0.191976346653079,0.55860293716227,0.560115437776779,0.555912673473358,0.288292402797727
"cameron norrie",0.558270676691729,-0.581060129579487,0.199459528136785,-0.171424490623564,-0.109766251701977,-0.251620477537952,-0.46654780684179,0.6332029746814,-0.192467983241925,"3",0.113480093228435,0.0724546083280335,0.0350702374500574,0.542805116214143,0.542285086387892,0.526904881000519,-0.138542760782423
"carlos alcaraz",0.579346557759627,0.302498804950114,-0.444288906614553,0.699594310389002,-0.109766251701977,-0.251620477537952,-0.46654780684179,0.6332029746814,-0.192467983241925,"3",0.3023012764964,0.153163944348575,0.279521889442758,0.545556911710089,0.537670301256904,0.552137553691864,0.138555771288413
"carlos taberner",0.584,0.543399853055693,-0.153445071289045,-0.00480331549678943,-0.109766251701977,-0.251620477537952,-0.46654780684179,0.6332029746814,-0.192467983241925,"1",0.404310893048234,0.435056917491429,0.41488009377707,0.559806936234025,0.562026389144898,0.577263832092285,0.152861256576833
"casper ruud",0.586505190311419,0.21130161236473,-0.30982380807645,0.170320505280736,-0.109766251701977,-0.251620477537952,-0.46654780684179,0.6332029746814,-0.192467983241925,"3",0.366888971447333,0.180095755159365,0.235509722308005,0.546593975049189,0.53605653567637,0.530182361602783,0.0697782379214936
"christopher eubanks",0.568093385214008,0.526581977305611,-1.02648075218509,-1.99449310646619,-0.109766251701977,-0.251620477537952,-0.46654780684179,0.6332029746814,-0.192467983241925,"1",0.424893411277582,0.351522393789858,0.233923349912025,0.594616826893127,0.563335663535406,0.55907016992569,-0.125265681098789
"constant lestienne",0.462365591397849,-1.40671955677915,-0.844158299674601,0.612608736512319,-0.109766251701977,-0.251620477537952,-0.46654780684179,-1.5698157080643,5.16455755032498,"2",-0.775567875731586,-0.644425085900647,-0.652714304430723,0.523537914331586,0.529689708214481,0.514103353023529,-0.366124625595129
"corentin moutet",0.519134775374376,-1.47229024756612,-0.0932861011818246,0.262523293578485,-0.109766251701977,-0.251620477537952,-0.46654780684179,0.6332029746814,-0.192467983241925,"3",-0.192744161165555,-0.154976705306951,-0.190405205653116,0.54773702841472,0.543401316839279,0.534941554069519,-0.355382122283936
"cristian garin",0.550649350649351,-0.445175272162529,0.866849973595206,1.4042413626078,-0.109766251701977,-0.251620477537952,2.13056831791084,-1.5698157080643,-0.192467983241925,"2",-0.0615369559683901,-0.190774124238306,-0.135943788219724,0.517669177186908,0.521464425363504,0.497929245233536,-0.055381777154088
"daniel altmaier",0.532051282051282,-0.161724508777513,-0.333070122575067,-0.555528309862709,-0.109766251701977,-0.251620477537952,-0.46654780684179,0.6332029746814,-0.192467983241925,"3",-0.137030915077625,-0.0485281746795508,-0.0425534999569226,0.535851545574875,0.546048877729739,0.549934089183807,-0.10715973528168
"daniel evans",0.57035175879397,-0.0171876012520246,-0.764686822051297,0.964288100976972,-0.109766251701977,-0.251620477537952,-0.46654780684179,0.6332029746814,-0.192467983241925,"3",0.244703376165889,0.0760678454252217,0.096500403491246,0.54958162588484,0.535541446843503,0.522460162639618,0.0553365464288292
"daniil medvedev",0.612742036227358,0.552564191287644,0.790901794667572,-0.94477408010644,-0.109766251701977,-0.251620477537952,-0.46654780684179,0.6332029746814,-0.192467983241925,"1",0.675917758111529,0.599229955323,0.542794595952368,0.566749541099633,0.56093215826708,0.562308251857758,0.131373854374456
"david goffin",0.549751243781095,-1.8329158164713,-0.128149745741978,0.121090644678828,-0.109766251701977,-0.251620477537952,2.13056831791084,-1.5698157080643,-0.192467983241925,"2",-0.232424044131169,-0.287512325980651,-0.147667649568544,0.480721887381395,0.512695890931643,0.496539950370789,-0.637534333593602
"denis kudla",0.544973544973545,-0.0316343858537223,-0.770403285908333,0.0375574074216044,-0.109766251701977,-0.251620477537952,-0.46654780684179,0.6332029746814,-0.192467983241925,"3",-0.0165361077661255,0.0216388686423074,0.00196012515873524,0.53860692061412,0.545206737016971,0.540087461471558,-0.0448593439375135
"denis shapovalov",0.601489757914339,0.927392130488355,-0.401585055790963,-0.622231666028122,-0.109766251701977,-0.251620477537952,-0.46654780684179,0.6332029746814,-0.192467983241925,"1",0.589866562748779,0.540976448486983,0.400506169564449,0.568618498147553,0.561938905738733,0.546006858348846,0.172701562727666
"diego schwartzman",0.553921568627451,-1.11382872502422,-0.692111468539935,1.37638064684004,-0.109766251701977,-0.251620477537952,-0.46654780684179,0.6332029746814,-0.192467983241925,"3",0.11760621851622,-0.0578155921453535,-0.0267254259670423,0.551983079871676,0.532319951598745,0.518970370292664,-0.190494183348467
"dominic stricker",0.561330561330561,-0.0382151302631089,0.938556419259887,0.0791412049720676,-0.109766251701977,-0.251620477537952,-0.46654780684179,0.6332029746814,-0.192467983241925,"4",0.215131152051451,0.20213590257004,0.212701264651975,0.559995005620881,0.552950326061762,0.564721703529358,0.0903316061598822
"dominic thiem",0.552173913043478,0.303528236347023,-0.0335234431330563,-0.256622076197979,-0.109766251701977,-0.251620477537952,-0.46654780684179,0.6332029746814,-0.192467983241925,"3",0.0907848836686658,0.0965402972957382,0.165984539034189,0.549229936314394,0.548177922064055,0.56805282831192,0.0717881149876493
"dominik koepfer",0.475490196078431,-0.306274011727197,-2.99084259432677,0.91473435178161,-0.109766251701977,-0.251620477537952,2.13056831791084,-1.5698157080643,-0.192467983241925,"2",-0.671224961669505,-0.5754399656936,-0.578367136968765,0.522256598581806,0.528615233425134,0.511103451251984,-0.368218004867694
"dusan lajovic",0.543434343434343,-0.687544643837062,-0.350927672071932,-0.018608722454015,-0.109766251701977,-0.251620477537952,-0.46654780684179,0.6332029746814,-0.192467983241925,"3",-0.0103127589012222,0.0137515614273399,-0.0226483769831616,0.542932383349235,0.545352253029516,0.536621391773224,-0.194012264109266
"egor gerasimov",0.49438202247191,1.61186281375751,-1.49238986031614,-2.16175690639718,-0.109766251701977,-0.251620477537952,-0.46654780684179,0.6332029746814,-0.192467983241925,"3",-0.565132519090955,-0.337427845703037,-0.280215065648065,0.510437861496505,0.540397727641644,0.552711188793182,0.112316432491138
"emil ruusuvuori",0.464566929133858,0.813954624996505,0.906214761211959,-0.446475688122559,-0.109766251701977,3.95044149734585,-0.46654780684179,-1.5698157080643,-0.192467983241925,"2",-0.51631987947725,-0.591806994449205,-0.508043743913849,0.577999382064647,0.533453783825688,0.545365273952484,0.493404665361462
"fabian marozsan",0.552106430155211,-0.00672237144421138,-1.5198999921912,0.852331613768703,-0.109766251701977,-0.251620477537952,-0.46654780684179,0.6332029746814,-0.192467983241925,"3",-0.00111632503826784,0.0145908694063671,-0.0300394721623642,0.528572392917292,0.54034293086741,0.521059572696686,-0.0120611621875619
"fabio fognini",0.521850899742931,-0.409498556780597,-0.911708438685269,1.00706901020163,-0.109766251701977,3.95044149734585,-0.46654780684179,-1.5698157080643,-0.192467983241925,"2",-0.214366951298564,-0.254962288899527,-0.212025117792015,0.537697512389427,0.532199410856423,0.525428950786591,0.174566914401651
"facundo bagnis",0.54639175257732,0.334487137336136,-1.4573760783333,0.540821922057017,-0.109766251701977,-0.251620477537952,-0.46654780684179,0.6332029746814,-0.192467983241925,"3",0.0591765513906647,-0.049800821500741,0.150947872945548,0.553042454521807,0.537509629317599,0.573631644248962,0.052069863179335
"facundo diaz acosta",0.572463768115942,-0.667184894319301,-0.984554122802007,-0.653611899961752,-0.109766251701977,-0.251620477537952,-0.46654780684179,0.6332029746814,-0.192467983241925,"3",0.159168675567681,0.0879314080332719,0.125160550364421,0.526232271404592,0.535441810726622,0.525989174842834,-0.303432015853695
"federico coria",0.50530035335689,-0.0778962207609723,-0.164761848616094,0.131633000154854,-0.109766251701977,-0.251620477537952,-0.46654780684179,0.6332029746814,-0.192467983241925,"3",-0.282797639149603,-0.172683212613914,-0.228974658565681,0.553595837904908,0.54981982125955,0.547666490077972,-0.000521656070135321
"federico delbonis",0.46875,0.123726198418296,-2.0252748005489,-1.33889955120323,-0.109766251701977,-0.251620477537952,-0.46654780684179,0.6332029746814,-0.192467983241925,"3",-0.742135997747836,-0.583155760773431,-0.578811267484946,0.518996128977266,0.53182988844097,0.521711528301239,-0.243006369980679
"feliciano lopez",0.595238095238095,2.23141916594452,-0.378202058302542,-0.725037521067555,-0.109766251701977,-0.251620477537952,-0.46654780684179,0.6332029746814,-0.192467983241925,"1",0.612561082541712,0.512280706917353,0.444197425976126,0.585602847837318,0.562850838969352,0.566443145275116,0.513596030671861
"filip krajinovic",0.480769230769231,0.0869089051270034,-0.536331178993054,-0.944703451472963,-0.109766251701977,-0.251620477537952,-0.46654780684179,0.6332029746814,-0.192467983241925,"3",-0.576368633458799,-0.322967688743563,-0.546236540337775,0.533702793552987,0.549777074680002,0.51043176651001,-0.0965218726955713
"flavio cobolli",0.553191489361702,-1.03823827282762,0.936976770579212,0.465457698308129,-0.109766251701977,-0.251620477537952,2.13056831791084,-1.5698157080643,-0.192467983241925,"2",0.0949825954751253,-0.116107683831719,-0.036931166066324,0.548250287316694,0.527147119213673,0.517678737640381,-0.306111492717943
"frances tiafoe",0.581799053129932,0.0229806001525902,2.17626760571726,0.292316572316529,-0.109766251701977,-0.251620477537952,-0.46654780684179,0.6332029746814,-0.192467983241925,"4",0.373759342442333,0.361002864408864,0.236177752587492,0.557069442099483,0.55620228192787,0.537824153900146,0.224872017988388
"francisco cerundolo",0.556701030927835,-0.772556964805617,-0.436704406519846,0.352815690594611,-0.109766251701977,-0.251620477537952,2.13056831791084,-1.5698157080643,-0.192467983241925,"2",-0.0127587706778875,-0.0790368041014764,0.0477134999537347,0.517229059884414,0.528649414520549,0.532438039779663,-0.353142960336621
"gabriel diallo",0.546938775510204,1.4732764135932,-0.182646866665385,0.475796998047842,-0.109766251701977,-0.251620477537952,-0.46654780684179,0.6332029746814,-0.192467983241925,"1",0.0879188426284928,0.210745743439223,0.170467121542972,0.558506144048141,0.56222473138,0.577452123165131,0.449691946728069
"gael monfils",0.587479935794542,0.610672948226001,-0.489088927073532,-0.0803677834368319,-0.109766251701977,-0.251620477537952,-0.46654780684179,0.6332029746814,-0.192467983241925,"1",0.441178702157133,0.473884284656756,0.43920241688485,0.561548368506036,0.563714843755326,0.577575981616974,0.137031387221267
"gianluca mager",0.580882352941177,1.03354794084566,1.40197425804568,0.0766131261401393,-0.109766251701977,-0.251620477537952,-0.46654780684179,0.6332029746814,-0.192467983241925,"4",0.489307968502301,0.430250791417657,0.407956084588944,0.584941116176645,0.563394427536766,0.580556213855743,0.413468369696253
"grigor dimitrov",0.596846846846847,0.614100311283199,1.23694268313812,0.247161074580614,-0.109766251701977,-0.251620477537952,-0.46654780684179,0.6332029746814,-0.192467983241925,"4",0.538562786607978,0.553325369169979,0.595092265074824,0.565816746688383,0.56585062358942,0.600142657756805,0.305814822537546
"guido pella",0.543726235741445,0.0113708343223998,-0.210813950038126,-1.11817883922228,-0.109766251701977,-0.251620477537952,-0.46654780684179,0.6332029746814,-0.192467983241925,"1",0.144514322107007,0.126054463666672,0.0725245403264063,0.577396571744112,0.555972224519304,0.559025466442108,-0.109459761194191
"hamad medjedovic",0.578512396694215,1.25483537798499,0.0820749663618941,-0.322816677566431,-0.109766251701977,-0.251620477537952,-0.46654780684179,0.6332029746814,-0.192467983241925,"1",0.39255930427371,0.385855744978942,0.280464658461224,0.567552090391704,0.560519480749311,0.553690135478973,0.329035457276295
"henri laaksonen",0.549450549450549,-0.545468407320195,2.7581815317977,1.13385999788077,-0.109766251701977,-0.251620477537952,-0.46654780684179,0.6332029746814,-0.192467983241925,"4",0.102482041537215,0.0745295465124094,0.0524304465128039,0.557038276657665,0.54766133178851,0.545097410678864,0.204658752691885
"holger rune",0.523545706371191,0.155608417909551,-1.21926827359756,0.0219565040957043,-0.109766251701977,-0.251620477537952,2.13056831791084,-1.5698157080643,-0.192467983241925,"2",-0.194560904752283,-0.179379811386659,-0.193151340629005,0.538964182248248,0.538467458488525,0.527269721031189,-0.199201037179807
"hubert hurkacz",0.56312625250501,0.341701945695055,0.806696661552753,0.133339772256689,-0.109766251701977,-0.251620477537952,-0.46654780684179,0.6332029746814,-0.192467983241925,"1",0.237293396557928,0.332751541773945,0.29093664328469,0.561603331083416,0.564447350273736,0.580665469169617,0.187590226852756
"hugo dellien",0.493333333333333,-0.578813649827088,-0.713388289001791,0.28674672842619,-0.109766251701977,-0.251620477537952,-0.46654780684179,0.6332029746814,-0.192467983241925,"3",-0.445291595536986,-0.276051920202327,-0.326692332680384,0.539530548623424,0.546910914298021,0.543210744857788,-0.161396230952332
"hugo gaston",0.449275362318841,-1.79938559920943,0.531308088973049,0.776766478550034,-0.109766251701977,-0.251620477537952,2.13056831791084,-1.5698157080643,-0.192467983241925,"2",-0.788747835949325,-0.86433706610649,-0.883017057252958,0.545372563550956,0.516241299385665,0.47957569360733,-0.509518457663621
"ilya ivashka",0.563342318059299,0.207720831259788,1.36998474589574,0.636333550602028,-0.109766251701977,-0.251620477537952,2.13056831791084,-1.5698157080643,-0.192467983241925,"2",0.103716579089422,-0.147497404231254,0.0565260782087062,0.530982402879475,0.518172949705959,0.523997962474823,0.0793209263573942
"jack draper",0.591143151390319,-0.134639696105702,1.39079148553497,-0.0428111771115302,-0.109766251701977,-0.251620477537952,-0.46654780684179,0.6332029746814,-0.192467983241925,"4",0.403159562009594,0.361830471985284,0.367459059788075,0.546005025897573,0.550797406753829,0.554514169692993,0.0869589716286387
"jakub mensik",0.517006802721088,-0.0474843849805401,2.87821018509992,0.851040792214037,-0.109766251701977,-0.251620477537952,2.13056831791084,-1.5698157080643,-0.192467983241925,"4",0.330836915899795,-0.116550383391798,-0.0649052376702478,0.670190435834358,0.548342725856057,0.568479418754578,0.150165013452707
"james duckworth",0.520661157024793,-0.376809148072741,0.606764750800965,-0.769947277326826,-0.109766251701977,-0.251620477537952,2.13056831791084,-1.5698157080643,-0.192467983241925,"2",-0.254789046665013,-0.335121735062375,-0.142186456318422,0.530810604565098,0.525195116999323,0.544101059436798,-0.282173168616171
"jannik sinner",0.594379963347587,0.332769504560209,0.979346535002493,0.964758670388939,-0.109766251701977,-0.251620477537952,-0.46654780684179,0.6332029746814,-0.192467983241925,"4",0.502831493369878,0.408883528646162,0.439545532076298,0.562411885193468,0.553418974261782,0.566689550876617,0.284613246620868
"jason kubler",0.559055118110236,-0.326468963173025,0.424417610315854,-0.0334423126099867,-0.109766251701977,-0.251620477537952,-0.46654780684179,0.6332029746814,-0.192467983241925,"4",0.08377579006556,0.0671544146787673,0.0409107638425817,0.534599744990436,0.541315367666659,0.527061223983765,-0.0385290305531489
"jaume munar",0.49171270718232,-0.557429904498787,1.12892675554291,0.916998322792917,-0.109766251701977,-0.251620477537952,2.13056831791084,-1.5698157080643,-0.192467983241925,"2",-0.400392199089297,-0.594282719636152,-0.410373192263919,0.552757806726943,0.517283016490515,0.525680243968964,-0.115552567482606
"jenson brooksby",0.521594684385382,-0.938054855754567,-0.480129659576122,0.379580221548377,-0.109766251701977,-0.251620477537952,-0.46654780684179,0.6332029746814,-0.192467983241925,"3",-0.217158972623601,-0.148138780808743,-0.185533230988752,0.537551751604766,0.542614566977066,0.532201707363129,-0.230027486145654
"jeremy chardy",0.533980582524272,2.1910722735356,-1.47561094393258,0.218661375180147,-0.109766251701977,-0.251620477537952,-0.46654780684179,0.6332029746814,-0.192467983241925,"1",0.135949588201418,0.161680861645471,0.101170109045744,0.593934630970397,0.565115687809785,0.5814009308815,0.515225518320327
"jiri lehecka",0.497959183673469,0.915263209040207,-0.202040640210601,1.17997055395675,-0.109766251701977,-0.251620477537952,-0.46654780684179,0.6332029746814,-0.192467983241925,"1",-0.264861586745867,-0.0920433048835131,-0.171515035958659,0.571569370843385,0.561877394716584,0.573143005371094,0.37139037670901
"jiri vesely",0.573770491803279,2.46773623344647,-1.52667792568354,0.536770705949512,-0.109766251701977,-0.251620477537952,-0.46654780684179,0.6332029746814,-0.192467983241925,"1",0.471962238538756,0.375548614884893,0.359724802874516,0.594500192701615,0.562312260045088,0.580272853374481,0.618368636381479
"joao sousa",0.48951048951049,-1.55812100476196,0.110076390162571,1.32310549492279,-0.109766251701977,-0.251620477537952,-0.46654780684179,-1.5698157080643,5.16455755032498,"2",-0.576553538692893,-0.612899061266509,-0.664733755085499,0.517089875912026,0.516786718224228,0.468063473701477,-0.259150979340221
"john isner",0.608040201005025,2.09305963691293,-1.88061316556305,-0.607005806609022,-0.109766251701977,-0.251620477537952,-0.46654780684179,0.6332029746814,-0.192467983241925,"1",0.631526444464053,0.564468398824951,0.499338194954538,0.565622899061504,0.560351569797331,0.559341013431549,0.372081148719389
"john millman",0.592592592592593,-2.04287496132834,1.6257065394672,-0.4438687201642,-0.109766251701977,-0.251620477537952,2.13056831791084,-1.5698157080643,-0.192467983241925,"4",0.235483939207778,0.273190255867992,0.221880608529518,0.505333753799059,0.541429151785438,0.51723051071167,-0.616152474442547
"jordan thompson",0.554521276595745,-0.3125242913744,0.800699000049912,0.0957968921656292,-0.109766251701977,-0.251620477537952,-0.46654780684179,0.6332029746814,-0.192467983241925,"4",0.0728687812462158,0.0584534417461388,0.0529902819125791,0.540727841214469,0.543140363972309,0.537171065807343,0.00778938724078449
"juncheng shang",0.555555555555556,-1.69677426738266,0.982060413155605,-0.107884958690769,-0.109766251701977,-0.251620477537952,-0.46654780684179,0.6332029746814,-0.192467983241925,"4",-0.0234845526612238,0.0453553348475161,0.0582263489495577,0.516974705230764,0.541274697260896,0.536785006523132,-0.3704352459011
"kamil majchrzak",0.485148514851485,0.287678016473716,-0.833726827813991,-0.92018192944502,-0.109766251701977,-0.251620477537952,-0.46654780684179,0.6332029746814,-0.192467983241925,"3",-0.544560860587783,-0.297052040605431,-0.44578463103163,0.532594863003727,0.549696968627546,0.527606606483459,-0.0632269952054484
"karen khachanov",0.578300921187308,0.704781251823638,-0.709396360018357,0.519975845861055,-0.109766251701977,-0.251620477537952,-0.46654780684179,0.6332029746814,-0.192467983241925,"1",0.354224178177705,0.390910634499529,0.317458388407842,0.55928266246636,0.561129332835459,0.562915146350861,0.207279085320386
"kei nishikori",0.518207282913165,-1.22521061767708,-1.28333969081132,-0.205103178443229,-0.109766251701977,-0.251620477537952,-0.46654780684179,0.6332029746814,-0.192467983241925,"3",-0.257043164762489,-0.108073061733874,-0.163945392222673,0.534952677769288,0.548452713127834,0.542773723602295,-0.429874613767142
"kevin anderson",0.550420168067227,2.28929360047246,-0.201182386229505,-2.39017080133372,-0.109766251701977,-0.251620477537952,-0.46654780684179,0.6332029746814,-0.192467983241925,"1",0.369616081719043,0.206075148585124,0.219250740878138,0.615618357330705,0.559732569911142,0.58363950252533,0.370586015254701
"laslo djere",0.535580524344569,-0.146379265520494,-0.129203514418199,0.0749004280663559,-0.109766251701977,-0.251620477537952,-0.46654780684179,0.6332029746814,-0.192467983241925,"3",-0.048476930586634,-0.111102905906368,-0.0277220943736772,0.54918946747059,0.537964567245887,0.54788738489151,-0.0219968411637006
"lloyd harris",0.577603143418468,1.39970772586292,-0.258416161344203,-1.18439955792904,-0.109766251701977,-0.251620477537952,-0.46654780684179,0.6332029746814,-0.192467983241925,"1",0.47235114699912,0.379513350879196,0.288594149476883,0.587322466709066,0.560443708751668,0.557088911533356,0.252320009259204
"lorenzo musetti",0.539007092198582,0.0521682691040309,0.0363208406808803,0.479247060032301,-0.109766251701977,-0.251620477537952,-0.46654780684179,0.6332029746814,-0.192467983241925,"3",0.00389332946810323,0.051295897632764,0.033693632632004,0.554538290256744,0.551558443794304,0.557197153568268,0.0859312147471997
"lorenzo sonego",0.533333333333333,0.717049646430447,0.260856794527072,0.807035144823495,-0.109766251701977,-0.251620477537952,-0.46654780684179,-1.5698157080643,5.16455755032498,"2",-0.0259464312052452,-0.251336552871706,-0.033373412613939,0.558545309153187,0.525808341550222,0.550101816654205,0.309319270720129
"luca nardi",0.576271186440678,-1.42702690618947,-1.03326739320171,-3.75545414778787,-0.109766251701977,-0.251620477537952,2.13056831791084,-1.5698157080643,-0.192467983241925,"3",-0.456227005969712,0.0338126475349339,0.215604335480105,0.379829196993177,0.528006770693629,0.541668355464935,-1
"luca van assche",0.532786885245902,-0.446947923726137,1.14746068080977,1.66831885190914,9.05571576541314,-0.251620477537952,-0.46654780684179,-1.5698157080643,-0.192467983241925,"2",-0.292163183963807,-0.260796623010717,0.00533992463981538,0.499370474579165,0.525220045124556,0.560272514820099,-0.1668592003317
"luciano darderi",0.555555555555556,-1.03208788465999,0.962605232820146,-3.92095991888288,-0.109766251701977,-0.251620477537952,2.13056831791084,-1.5698157080643,-0.192467983241925,"4",0.0414687244962324,-0.115521941945882,-0.253464200895785,0.531665312739907,0.525815844838913,0.461892187595367,-0.75628321968397
"mackenzie mcdonald",0.536643026004728,-0.149527433176227,-0.879422611319977,0.344864293172193,-0.109766251701977,-0.251620477537952,-0.46654780684179,0.6332029746814,-0.192467983241925,"3",-0.0898190121495394,-0.0465128117982121,-0.00225351086363441,0.537824829420173,0.543547469610011,0.552317917346954,-0.0531449959208395
"marco cecchinato",0.453125,0.271489563439729,-2.6708797261163,0.964648283117743,9.05571576541314,-0.251620477537952,-0.46654780684179,-1.5698157080643,-0.192467983241925,"3",-0.978508385461014,-0.719325161196319,-0.782034894846857,0.495156168202251,0.527916136598091,0.497719913721085,-0.343377060171893
"marcos giron",0.508241758241758,-0.782868761888794,1.91991703898124,0.335538709941603,-0.109766251701977,-0.251620477537952,-0.46654780684179,0.6332029746814,-0.192467983241925,"4",-0.306287712776118,-0.11050314619509,-0.149918745218194,0.54270692295583,0.554068343160068,0.561986088752747,-0.00666849567819253
"mariano navone",0.505154639175258,-1.00569324668614,-0.979222994665129,0.662351736045518,-0.109766251701977,-0.251620477537952,-0.46654780684179,0.6332029746814,-0.192467983241925,"3",-0.336573573377684,-0.232686247157128,-0.259435235575217,0.541709466784084,0.544139597002133,0.540579080581665,-0.257652659283665
"marin cilic",0.605263157894737,0.660171458387413,1.11660473546039,0.164996914191208,-0.109766251701977,-0.251620477537952,-0.46654780684179,0.6332029746814,-0.192467983241925,"1",0.580098040003028,0.584994261070483,0.520913025649298,0.559255771731198,0.563953870139188,0.568939626216888,0.300328765018639
"marton fucsovics",0.540856031128405,0.257003204104606,-0.173704193189231,0.675756038494596,-0.109766251701977,-0.251620477537952,-0.46654780684179,0.6332029746814,-0.192467983241925,"3",0.0510608562465148,-0.011904480606516,-0.0246765160941324,0.561701164905829,0.544400247182025,0.54023277759552,0.144891886562133
"matteo arnaldi",0.530701754385965,-0.690550255126591,-0.646880246590217,0.509568312020537,-0.109766251701977,-0.251620477537952,-0.46654780684179,0.6332029746814,-0.192467983241925,"3",-0.111909741745205,-0.0847163414464109,-0.15379591264057,0.544091594461909,0.543363610208185,0.525350153446198,-0.16314667053366
"matteo berrettini",0.558044806517312,1.78502056528218,0.176743884831412,0.379047279986442,-0.109766251701977,-0.251620477537952,-0.46654780684179,0.6332029746814,-0.192467983241925,"1",0.221942641863867,0.251923129771687,0.197445901101231,0.567764488923545,0.559662961062219,0.566279470920563,0.551183103714068
"mattia bellucci",0.654320987654321,0.314993699625589,-0.419595980920991,-1.64250357349743,-0.109766251701977,-0.251620477537952,-0.46654780684179,0.6332029746814,-0.192467983241925,"1",1,0.80053298500579,0.74977274866576,0.561225232244364,0.555871318362984,0.545943379402161,-0.0984856353222534
"max purcell",0.552795031055901,-0.146840773368856,-0.099900780453525,0.301859255252381,-0.109766251701977,-0.251620477537952,-0.46654780684179,0.6332029746814,-0.192467983241925,"3",0.106913074542558,0.104024835870686,0.0781182049152365,0.551700205995611,0.548532561187672,0.545952975749969,0.00363467240855576
"maximilian marterer",0.461538461538462,1.19152654223706,-2.05653082530217,0.889351821415649,-0.109766251701977,-0.251620477537952,-0.46654780684179,0.6332029746814,-0.192467983241925,"3",-0.588291466217145,-0.615419980614734,-0.447834106430552,0.567462597548548,0.532962310161007,0.56464672088623,0.271462110771752
"michael mmoh",0.585139318885449,0.958681699636798,-0.583641732331938,0.312563973921272,-0.109766251701977,-0.251620477537952,2.13056831791084,-1.5698157080643,-0.192467983241925,"2",0.298708588259371,0.0655358201947553,0.29346154873124,0.53376281502445,0.525850042255715,0.546278297901154,0.0955726869835011
"mikael ymer",0.517241379310345,-1.68986418801044,-0.169966939017821,0.373609153016409,-0.109766251701977,3.95044149734585,-0.46654780684179,-1.5698157080643,-0.192467983241925,"2",-0.433088688590963,-0.397417568958134,-0.366441099773786,0.496967219199569,0.521216245797591,0.495653659105301,-0.176763850353559
"mikhail kukushkin",0.564102564102564,-0.246505867229052,0.0706814986343038,0.34279585929955,-0.109766251701977,-0.251620477537952,-0.46654780684179,0.6332029746814,-0.192467983241925,"3",0.189599856975375,0.0705642523111695,0.181445386067804,0.548965564959135,0.538680487396329,0.552804946899414,-0.00561739671760141
"miomir kecmanovic",0.548543689320388,-0.321840537770228,-0.276522282355625,0.349964853383576,-0.109766251701977,-0.251620477537952,-0.46654780684179,0.6332029746814,-0.192467983241925,"3",0.0385720040623625,0.0450634850081161,0.0801026163123847,0.54430278582578,0.545362179699513,0.55318808555603,-0.0520298480459156
"nick kyrgios",0.597254004576659,2.13501185028376,-0.850536617685799,-2.83542162349364,-0.109766251701977,-0.251620477537952,-0.46654780684179,0.6332029746814,-0.192467983241925,"1",0.790721763877175,0.5290334125976,0.390253030873661,0.62207616456751,0.563277409992474,0.550276756286621,0.232741290301622
"nicolas jarry",0.541044776119403,0.803619864663899,-0.0192936499418615,-0.505989607202452,-0.109766251701977,-0.251620477537952,-0.46654780684179,0.6332029746814,-0.192467983241925,"1",0.110372022250352,0.145456176604935,0.0474822755959233,0.574757875085865,0.559410402747348,0.557271003723145,0.181208740100452
"nikoloz basilashvili",0.523809523809524,0.295504934359363,0.756485338614273,-0.874900607163719,-0.109766251701977,3.95044149734585,-0.46654780684179,-1.5698157080643,-0.192467983241925,"2",-0.19862616837582,-0.261909599551391,-0.382818728170507,0.537544606199687,0.530382247360346,0.481277167797089,0.298419815303552
"norbert gombos",0.477777777777778,-0.137036880047065,1.69166486080159,-2.90151783646641,-0.109766251701977,-0.251620477537952,-0.46654780684179,0.6332029746814,-0.192467983241925,"4",-0.579540528794744,-0.432549635846991,-0.382224268087793,0.538656397621738,0.541003035531096,0.55459600687027,-0.186085782430554
"novak djokovic",0.609351432880845,0.405129700412193,0.630003688577661,-0.17350792675115,-0.109766251701977,-0.251620477537952,-0.46654780684179,0.6332029746814,-0.192467983241925,"4",0.570237590729365,0.520033089802361,0.509905520346587,0.549275335010065,0.555312127136161,0.559795677661896,0.159139136267997
"nuno borges",0.575117370892019,-0.119695772883087,0.286099045605526,0.421189317888199,-0.109766251701977,-0.251620477537952,-0.46654780684179,0.6332029746814,-0.192467983241925,"4",0.275118012460204,0.196400369902863,0.232579388731285,0.547426231986794,0.544307198981426,0.547581315040588,0.0532223575362924
"oscar otte",0.5,-2.93754525517792,0.17526232476934,0.0587339021828298,-0.109766251701977,-0.251620477537952,-0.46654780684179,0.6332029746814,-0.192467983241925,"4",-0.531472780070307,-0.327668027209532,-0.364025869387112,0.507400560994417,0.538038156847168,0.523642361164093,-0.748574239590032
"pablo andujar",0.544776119402985,-0.404568583921476,-1.28309150382688,0.776805397773611,-0.109766251701977,3.95044149734585,-0.46654780684179,-1.5698157080643,-0.192467983241925,"2",-0.0940117386542097,-0.179599407343873,-0.080670563717228,0.521458374572029,0.525985433774436,0.520546853542328,0.123238746558288
"pablo carreno busta",0.565995525727069,-0.0844374721670491,0.0435497950096001,0.557550777797964,-0.109766251701977,-0.251620477537952,-0.46654780684179,0.6332029746814,-0.192467983241925,"3",0.239459317900708,0.138651871457921,0.154389113815323,0.556653824228777,0.544112042292637,0.543294668197632,0.0579584082909605
"pavel kotov",0.514184397163121,-1.63770150638623,1.03616202935519,-0.307165860452832,-0.109766251701977,-0.251620477537952,-0.46654780684179,0.6332029746814,-0.192467983241925,"4",-0.369304543059242,-0.128421880247131,-0.110635311592932,0.517188625511948,0.548858557686594,0.561978161334991,-0.371010769781418
"pedro cachin",0.534090909090909,0.751282466068612,-0.364369007440074,0.128541946018924,-0.109766251701977,-0.251620477537952,-0.46654780684179,0.6332029746814,-0.192467983241925,"3",-0.0541870660447802,0.043484838188785,0.0679646391135662,0.550721908740928,0.553693363326338,0.573246955871582,0.206034684376195
"pedro martinez",0.519108280254777,-0.55761800243725,-0.738446316328823,0.0341041167511584,-0.109766251701977,-0.251620477537952,2.13056831791084,-1.5698157080643,-0.192467983241925,"2",-0.282775537314579,-0.339132048120123,-0.184685258532242,0.527424686753033,0.525721203617743,0.536358058452606,-0.351895611025924
"peter gojowczyk",0.548500881834215,-0.0939984347056477,0.538789397560145,0.655612704914774,-0.109766251701977,-0.251620477537952,-0.46654780684179,0.6332029746814,-0.192467983241925,"4",0.151626765662187,0.0741877864943832,0.0530421451726388,0.569953750090001,0.548185887185454,0.546754062175751,0.103981340022304
"philipp kohlschreiber",0.463768115942029,-0.96066323492898,0.436848546264361,0.28915657316204,-0.109766251701977,-0.251620477537952,-0.46654780684179,0.6332029746814,-0.192467983241925,"4",-0.690738652532115,-0.443447428591338,-0.591632283771749,0.540065089949117,0.548178650693358,0.526550531387329,-0.174267613938713
"quentin halys",0.537444933920705,0.948169926584713,-0.764618551876855,-0.370471700816936,-0.109766251701977,-0.251620477537952,-0.46654780684179,0.6332029746814,-0.192467983241925,"1",0.117481743157142,0.151605429079615,0.0989099933701083,0.583190235875403,0.562114172375921,0.575350642204285,0.176140846494265
"radu albot",0.516483516483517,-0.706622018351694,-0.312157550132448,-0.82733894450603,-0.109766251701977,-0.251620477537952,2.13056831791084,-1.5698157080643,-0.192467983241925,"2",-0.319449494897434,-0.289650620296605,-0.214972063727672,0.524105919976809,0.532016493694764,0.533253312110901,-0.447889389999155
"rafael nadal",0.602316602316602,0.404580772944934,-1.74912851586468,-0.512161569789443,-0.109766251701977,-0.251620477537952,-0.46654780684179,0.6332029746814,-0.192467983241925,"3",0.316634898973448,0.32468725110227,0.315566946094521,0.505253691053134,0.540670162608138,0.524283289909363,-0.060718559529411
"reilly opelka",0.558064516129032,1.8247042784834,0.198348333429357,-1.41350644330716,-0.109766251701977,-0.251620477537952,-0.46654780684179,0.6332029746814,-0.192467983241925,"1",0.273082892735748,0.273053809711598,0.18212266307319,0.579293613562767,0.561681860134208,0.56256628036499,0.378048293513151
"ricardas berankis",0.5,0.267453663280281,-0.538063604089592,2.14698777315049,-0.109766251701977,-0.251620477537952,2.13056831791084,-1.5698157080643,-0.192467983241925,"2",-0.391018410346615,-0.366269675662634,-0.341133540737507,0.539167395692426,0.534328887281099,0.529142916202545,0.10352223874699
"richard gasquet",0.538922155688623,-0.652528372430437,-1.25170376585847,-0.22092041290856,-0.109766251701977,-0.251620477537952,-0.46654780684179,0.6332029746814,-0.192467983241925,"3",-0.112628171771244,0.0283622948224762,-0.0742769968098304,0.528345415402963,0.549404584234194,0.531389057636261,-0.275472771459894
"rinky hijikata",0.538152610441767,-1.15251633154551,0.180281385648324,0.947882922421345,-0.109766251701977,-0.251620477537952,-0.46654780684179,0.6332029746814,-0.192467983241925,"3",0.0677184429131663,-0.111368902480751,-0.105378294416638,0.570593608526251,0.536429353840208,0.525139391422272,-0.177483786605498
"roberto bautista agut",0.574660633484163,-0.734263539320263,-1.54402515713733,-0.311003750620003,-0.109766251701977,-0.251620477537952,2.13056831791084,-1.5698157080643,-0.192467983241925,"2",0.118551559742492,0.0100968358804948,0.0759279274213367,0.512881148934355,0.526673189290382,0.510667264461517,-0.497503815205833
"roberto carballes baena",0.55,-0.435296569498194,-0.346012152084828,0.966457197463783,-0.109766251701977,-0.251620477537952,2.13056831791084,-1.5698157080643,-0.192467983241925,"2",-0.0568544080276471,-0.0988425199956209,-0.105313603763494,0.51995923384978,0.530679349913143,0.506321310997009,-0.192170120844596
"roman safiullin",0.591928251121076,0.65187435385901,-0.0458522583739178,1.65944433466548,-0.109766251701977,-0.251620477537952,2.13056831791084,-1.5698157080643,-0.192467983241925,"2",0.435444558928722,0.0585626030539919,0.238474764010068,0.551818645807663,0.521195300839192,0.52227383852005,0.194382952558057
"salvatore caruso",0.513888888888889,-0.71609795108758,-1.07666310494963,-0.408279965469588,-0.109766251701977,-0.251620477537952,2.13056831791084,-1.5698157080643,-0.192467983241925,"2",-0.385991742370095,-0.36541178007094,-0.186504997771413,0.513974654520764,0.52625941489488,0.544218003749847,-0.466418382749099
"sam querrey",0.546511627906977,1.67135695329647,1.60179218957823,-1.49606550241238,-0.109766251701977,-0.251620477537952,-0.46654780684179,0.6332029746814,-0.192467983241925,"1",0.248437506557239,0.22922861342758,0.196541802539014,0.595620716754779,0.564251477058442,0.584396362304688,0.437320739766445
"sebastian baez",0.521367521367521,-1.34588140998235,-0.918472243729636,-0.7995034146061,-0.109766251701977,-0.251620477537952,-0.46654780684179,0.6332029746814,-0.192467983241925,"3",-0.333395395206148,-0.174260672768194,-0.16210770161088,0.511692977098139,0.54023781970032,0.538191497325897,-0.495409880258935
"sebastian korda",0.569852941176471,0.287928710187638,-0.0820845895610272,0.0570891635661178,-0.109766251701977,-0.251620477537952,-0.46654780684179,0.6332029746814,-0.192467983241925,"3",0.207098074134492,0.24853182115966,0.128146977909026,0.542021987743549,0.552406451040438,0.530857145786285,0.096291154271872
"sebastian ofner",0.523809523809524,0.600733961661842,0.255253712796722,0.413466922408939,-0.109766251701977,-0.251620477537952,-0.46654780684179,0.6332029746814,-0.192467983241925,"1",-0.104033248753195,0.0490757110871847,0.0302870403999875,0.558938868600818,0.560265125280639,0.580537974834442,0.243234827267822
"stan wawrinka",0.547794117647059,0.0441758446151962,0.420439899487977,-0.424996845904783,-0.109766251701977,-0.251620477537952,-0.46654780684179,-1.5698157080643,5.16455755032498,"2",-0.128080037085408,-0.196903883878462,-0.0781806181808838,0.508031761592687,0.522551253906249,0.516347467899323,0.0137906968265099
"stefan kozlov",0.426229508196721,-2.76734882048467,0.562576887868919,0.826536472999046,-0.109766251701977,-0.251620477537952,2.13056831791084,-1.5698157080643,-0.192467983241925,"2",-0.982129905882132,-1,-1,0.545323767521079,0.516731791258859,0.48810276389122,-0.761531716823157
"stefano travaglia",0.473684210526316,0.0737165835746577,0.225177579120055,0.870672620447831,-0.109766251701977,-0.251620477537952,2.13056831791084,-1.5698157080643,-0.192467983241925,"2",-0.590116777011386,-0.63252176007636,-0.479871762890638,0.544024659925129,0.524190189316756,0.537640810012817,-0.0212349256305706
"stefanos tsitsipas",0.57753164556962,0.989365790587062,-0.628543399808529,0.542030866822504,-0.109766251701977,-0.251620477537952,-0.46654780684179,0.6332029746814,-0.192467983241925,"1",0.433910041154926,0.388297503241055,0.329845468023821,0.578763708800931,0.561329751171474,0.567114412784576,0.29215707957901
"steve johnson",0.525114155251142,0.476178640159415,-0.596750786949615,-1.63475780460978,-0.109766251701977,-0.251620477537952,-0.46654780684179,0.6332029746814,-0.192467983241925,"3",-0.247329363861622,-0.186366664290475,-0.0695531783368488,0.524056077323455,0.53687550375084,0.554474472999573,-0.0682086895454248
"sumit nagal",0.555555555555556,-3.07623274753758,-0.221689533737385,-0.773602286209323,-0.109766251701977,-0.251620477537952,-0.46654780684179,0.6332029746814,-0.192467983241925,"3",-0.135886664908403,-0.0682877095797632,-0.0311890268331992,0.491552503511532,0.530354627704757,0.515300333499908,-0.902691914531587
"tallon griekspoor",0.577235772357724,0.51865848196533,-0.643820665864225,-0.744062689069391,-0.109766251701977,-0.251620477537952,-0.46654780684179,0.6332029746814,-0.192467983241925,"3",0.222519163133715,0.202879806208209,0.244446969594538,0.53151392447713,0.543686445195952,0.547065258026123,0.0316795625127239
"taro daniel",0.531007751937985,-0.540661119097184,0.0475602627432512,0.0311443859834531,-0.109766251701977,-0.251620477537952,-0.46654780684179,0.6332029746814,-0.192467983241925,"3",-0.0548431824152261,-0.0285832552551028,-0.0582292698248575,0.556418358026154,0.548577891096984,0.547826409339905,-0.118541902074496
"taylor fritz",0.573678290213723,0.908537053783148,1.06659476559222,0.165857080076693,-0.109766251701977,-0.251620477537952,-0.46654780684179,0.6332029746814,-0.192467983241925,"1",0.341761836452949,0.378278830019243,0.302069280397201,0.565227307212939,0.562628725607727,0.566565990447998,0.363142841924756
"tennys sandgren",0.515463917525773,0.897546581756671,0.281984697186606,-1.9492814529173,-0.109766251701977,-0.251620477537952,-0.46654780684179,-1.5698157080643,5.16455755032498,"1",-0.186669233268992,-0.100213686365503,-0.194526441929994,0.556069974829179,0.550818111834916,0.539786815643311,0.0742018391756867
"thanasi kokkinakis",0.542635658914729,0.384466035819617,0.865200358592511,0.976761229264782,-0.109766251701977,-0.251620477537952,-0.46654780684179,0.6332029746814,-0.192467983241925,"4",0.15331793169188,0.214102300002719,0.124691329170787,0.581455144095751,0.565072926218909,0.573293745517731,0.290858742705449
"thiago monteiro",0.524390243902439,0.493448000929507,-0.466698491492803,0.362966151219832,-0.109766251701977,-0.251620477537952,-0.46654780684179,0.6332029746814,-0.192467983241925,"3",-0.13629716974479,-0.0342968333247937,-0.0211641171233114,0.550540785041421,0.551912930871599,0.567252159118652,0.153198353514525
"thiago seyboth wild",0.550561797752809,-0.0328076838723614,0.341426814479631,-1.76774171770274,-0.109766251701977,-0.251620477537952,-0.46654780684179,0.6332029746814,-0.192467983241925,"3",0.0408117932459725,-0.112053038718139,-0.0786600246430939,0.540983567431839,0.529080198334782,0.511832535266876,-0.145643889692544
"tim van rijthoven",0.587628865979381,1.27268405350987,-0.177183790957297,0.20925826202892,-0.109766251701977,-0.251620477537952,-0.46654780684179,0.6332029746814,-0.192467983241925,"1",0.449282716580985,0.437216645720288,0.37954727727364,0.563098937076316,0.56010400232962,0.563005328178406,0.368745311386174
"tomas machac",0.624087591240876,-0.0128529195204303,-1.12535683849527,0.316822450283602,-0.109766251701977,-0.251620477537952,-0.46654780684179,0.6332029746814,-0.192467983241925,"3",0.626761486091671,0.412249954831397,0.521115449807421,0.534123623570176,0.536305939377529,0.539063334465027,-0.0384826300075655
"tommy paul",0.569795918367347,-0.459714891682394,1.45070935243001,0.84831171948017,-0.109766251701977,-0.251620477537952,-0.46654780684179,0.6332029746814,-0.192467983241925,"4",0.28357417017069,0.168013338029853,0.221155106090826,0.559426833391878,0.544702821291766,0.553295731544495,0.0966247821860605
"ugo humbert",0.511326860841424,-0.315187339964281,0.718602769808646,0.806780308805402,-0.109766251701977,-0.251620477537952,-0.46654780684179,0.6332029746814,-0.192467983241925,"4",-0.181051887696011,-0.12079298380711,-0.170686847298011,0.565183217733654,0.551268820643424,0.552091598510742,0.0742597015749188
"vasek pospisil",0.553990610328638,1.40432694763191,-1.3195307256837,1.65580635162604,-0.109766251701977,-0.251620477537952,-0.46654780684179,0.6332029746814,-0.192467983241925,"1",0.261261370233889,0.257591715113672,0.229713449435943,0.584342956916157,0.562587220274942,0.580477595329285,0.465034852856337
"yannick hanfmann",0.471590909090909,0.841225383907745,0.0950005867587338,-0.123678559977873,-0.109766251701977,-0.251620477537952,-0.46654780684179,0.6332029746814,-0.192467983241925,"1",-0.482463870528378,-0.254559290219108,-0.389249901610456,0.572341066364971,0.561737603864827,0.562743067741394,0.239718808580712
"yibing wu",0.524752475247525,0.110590970318027,-0.351076903230618,0.425999314430595,-0.109766251701977,3.95044149734585,-0.46654780684179,-1.5698157080643,-0.192467983241925,"2",-0.222477445969705,-0.24388852966023,-0.128424244560276,0.530362532257705,0.53156045584728,0.540903925895691,0.297446349423809
"yoshihito nishioka",0.489247311827957,-1.77588618729553,0.0629503852527641,-0.00721485084569007,-0.109766251701977,3.95044149734585,-0.46654780684179,-1.5698157080643,-0.192467983241925,"2",-0.675997096371604,-0.503266920310656,-0.431466393453376,0.49509745013723,0.527475845030023,0.524531185626984,-0.221153057180899
"yosuke watanuki",0.539568345323741,-0.141457507183978,0.682449332183691,-0.650769148039122,-0.109766251701977,-0.251620477537952,2.13056831791084,-1.5698157080643,-0.192467983241925,"2",-0.088663020665011,-0.253310572335867,-0.0955442093784047,0.532540656323724,0.521959094362922,0.525251746177673,-0.200851520125182
"yunchaokete bu",0.428571428571429,-0.610042809871369,0.860064191598755,-1.7189629735057,-0.109766251701977,-0.251620477537952,-0.46654780684179,0.6332029746814,-0.192467983241925,"4",-0.999492267534093,-0.69373741848,-0.774234893559532,0.53695723184948,0.544786296924124,0.538626551628113,-0.255143043912739
"zizou bergs",0.552631578947368,-0.68423847141858,1.00850216205308,-0.487564827376156,-0.109766251701977,-0.251620477537952,-0.46654780684179,0.6332029746814,-0.192467983241925,"4",0.0197441152676969,0.12056519053891,0.124346561909062,0.532294896614537,0.550217875949415,0.557320535182953,-0.136120680791342
